Unnamed: 0,Unnamed: 1,Unnamed: 2,Versammlungen 2021,Unnamed: 4,Unnamed: 5,Unnamed: 6,Unnamed: 7
Datum,Beginn,Ende,Thema,Ort,Aufzug,Teilnehmende,Absage
2021-01-23 00:00:00,,,Ihre Krise nicht auf unserem Rücken,Friedrichsplatz,,100,
2021-01-05 00:00:00,,,Stille Mahnwache für Frieden,Schlossplatz Durlach,,8,
2021-01-07 00:00:00,,,Maskenfreier Appell,BVerfG,,40-100,
2021-01-05 00:00:00,,,Antifaschistischer Friedensdiscozug,Innenstadt,x,60,x
2021-01-06 00:00:00,,,Maskenfreier Appell,Schlossplatz,,100,
2021-01-05 00:00:00,,,Antifaschistische Friedensdiscodemo,Kronenplatz,,20-40,
2021-01-02 00:00:00,,,Antifaschistische Friedensdiscodemo,Schlossplatz Durlach,,20-40,
2021-01-09 00:00:00,,,Aufklärung zur drohenden Zwangsimpfung,Europaplatz bis Messplatz,x,150,x
2021-01-12 00:00:00,,,Antifaschistische Friedensdiscodemo,Gutenbergplatz,,40,
2021-01-14 00:00:00,,,Antifaschistische Friedensdiscodemo,Schlossplatz,,100,
2021-01-11 00:00:00,,,Montagsdemo gegen Hartz IV und Sozialabbau,Marktplatz,,50,
2021-02-01 00:00:00,,,Montagsdemo gegen Hartz IV und Sozialabbau,Marktplatz,,50,
2021-01-10 00:00:00,,,"Peace-Love-Musiv, Politischer Lichter-Aufzug",Palmbach,x,20,
2021-01-08 00:00:00,,,Kundgebung vor dem türkischen Generalkonsulat,Türkisches Generalkonsulat,,10,
2021-01-15 00:00:00,,,Kunstperformance für Menschenwürde,Messplatz,,30,
2021-01-23 00:00:00,,,Kunstperformance für Menschenwürde,Europaplatz bis Marktplatz,x,30,x
2021-02-11 00:00:00,,,Kurdenmarsch,Gemarkung Karlsruhe,x,160,x
2021-03-08 00:00:00,,,Kundgebung / Demonstration am internationalen Frauentag,Friedrichsplatz,x,200,
2021-01-19 00:00:00,,,Antifaschistische Friedensdiscodemo,Kronenplatz,,70,
2021-01-21 00:00:00,,,Antifaschistische Friedensdiscodemo,Schlossplatz,,70,
2021-01-16 00:00:00,,,Antifaschistische Friedensdiscodemo,Badnerlandhalle,,50,
2021-01-15 00:00:00,,,Wir bestehen auf die ersten 20 Artikel unserer Verfassung,Friedrichsplatz,,50,
2021-01-31 00:00:00,,,Freiheit (Religion),Marktplatz,,20,
2021-01-14 00:00:00,,,Maskenfreier Appell,BVerfG,,50,
2021-01-18 00:00:00,,,Antifaschistische Friedensdiscodemo,Werderplatz,,70,
2021-01-16 00:00:00,,,Kunstperformance für Grundrechte,Erbrpinzenstraße bis Marktplatz,x,20,
2021-02-19 00:00:00,,,Gegen rechten Terror,Kirchplatz St. Stephan,,100,
2021-04-24 00:00:00,,,Rettungskette für Menschenrechte,Moltkestraße,,2000,x
2021-01-21 00:00:00,,,Catcalls of Karlsruhe kreiden an,Europaplatz,,2,
2021-01-22 00:00:00,,,Gegen Schwurbelei und Verschwörungstheorien,Friedrichsplatz,,50,
2021-01-23 00:00:00,,,Bewegungsmeditation,Nottingham-Anlage,,80,
2021-01-22 00:00:00,,,Wir bestehen auf die ersten 20 Artikel unserer Verfassung,Friedrichsplatz,,90,
2021-01-22 00:00:00,,,Autokorso,Pfinztal,,?,
2021-01-21 00:00:00,,,Maskenfreier Appell,BVerfG,,50,
2021-01-23 00:00:00,,,Corona-Impfstoff,Pfizerstraße,,20,
2021-01-23 00:00:00,,,Für das Grundgesetz,Nußbaumweg,,20,
2021-01-23 00:00:00,,,Kein Lockdown für Kinderrechte,Schlossplatz,,50-100,
2021-01-28 00:00:00,,,Maskenfreier Appell,BVerfG,,50,
2021-01-29 00:00:00,,,Querdenken versenken,Friedrichsplatz,,150,
2021-02-06 00:00:00,,,Gedenken an alle Opfer der Corona-Maßnahmen,Messplatz,,749,
2021-03-19 00:00:00,,,Fridays for Future,Marktplatz,,50,x
2021-03-19 00:00:00,,,Fridays for Future,Marktplatz + Hebelstraße,,2000,x
2021-01-29 00:00:00,,,Wir bestehen auf die ersten 20 Artikel unserer Verfassung,Friedrichsplatz,,100,
2021-02-05 00:00:00,,,Wir bestehen auf die ersten 20 Artikel unserer Verfassung,Friedrichsplatz,,100,
2021-01-30 00:00:00,,,Catcalls of Karlsruhe kreiden an,Kronenplatz/Marktplatz,,2,
2021-01-30 00:00:00,,,Seebrücke,Marktplatz,,20,
2021-01-29 00:00:00,,,Kunstperformance für Grundrechte,Messplatz,,20,
2021-01-30 00:00:00,,,Kunstperformance für Grundrechte,Weststadt,,20,
2021-02-07 00:00:00,,,Antifaschistische Versammlung,Rathausplatz Stupferich,,100,
2021-02-06 00:00:00,,,Bewegung statt Stillstand,Messplatz,,749,x
2021-02-02 00:00:00,,,Stille Mahnwache für Frieden,Schlossplatz Durlach,,8,
2021-03-02 00:00:00,,,Stille Mahnwache für Frieden,Schlossplatz Durlach,,8,
2021-03-05 00:00:00,,,Performance gegen Gewalt an Frauen,Europaplatz,,20,
2021-02-12 00:00:00,,,Wir bestehen auf die ersten 20 Artikel unserer Verfassung,Friedrichsplatz,,150,
2021-03-08 00:00:00,,,Montagsdemo gegen Hartz IV und Sozialabbau,Marktplatz,,50,
2021-02-07 00:00:00,,,Freiheit (Religion),Marktplatz,,20,
2021-02-04 00:00:00,,,Maskenfreier Appell,BVerfG,,50,
2021-03-10 00:00:00,,,Equal Pay Day,Stephanplatz,,40,
2021-02-10 00:00:00,,,Maskenfreier Appell,BVerfG,,60,
2021-02-07 00:00:00,,,Catcalls of Karlsruhe kreiden an,Kronenplatz + Marktplatz,,2,
2021-02-20 00:00:00,,,Gutes Wohnen für Alle,Werderplatz,,100,x
2021-02-15 00:00:00,,,Gegen die Corona-Maßnahmen,Durlach,,50,
2021-03-14 00:00:00,,,"Für Verbindung, Ehrlichkeit, Frieden und Liebe",Schlossplatz,,500,
2021-02-14 00:00:00,,,LGBTIQ-Rechte,Marktplatz,,5,
2021-02-13 00:00:00,,,Catcalls of Karlsruhe kreiden an,Oststadt,,2,
2021-02-14 00:00:00,,,Freiheit der Religionsausübung mit Redebeiträgen und Musik,Marktplatz,,25,
2021-02-11 00:00:00,,,Zur aktuellen politischen Lage,Europaplatz,,25,x
2021-02-19 00:00:00,,,Wir bestehen auf die ersten 20 Artikel unserer Verfassung,Marktplatz,,150,
2021-02-12 00:00:00,,,Kunstperformance für Grundrechte,Messplatz,,15,
2021-02-17 00:00:00,,,Gegen rechte Hetze,Friedrichsplatz,,100,
2021-02-26 00:00:00,,,Wir bestehen auf die ersten 20 Artikel unserer Verfassung,Marktplatz,,150,
2021-03-05 00:00:00,,,Wir bestehen auf die ersten 20 Artikel unserer Verfassung,Friedrichsplatz,,250,
2021-02-16 00:00:00,,,Peace Love Music,Kronenplatz,,70,
2021-02-18 00:00:00,,,Peace Love Music,Schlossplatz,,70,
2021-02-20 00:00:00,,,KMUs machen aufmerksam auf ihre aktuelle Situation,Marktplatz/Saumarkt Durlach,,50,
2021-02-17 00:00:00,,,Infostand - Fragen und Antworten - Rund um die Corona-Maßnahmen,Ludwigsplatz,,15,
2021-02-21 00:00:00,,,Freiheit,Marktplatz,,25,
2021-02-18 00:00:00,,,Maskenfreier Appell,BVerfG,,60,
2021-03-02 00:00:00,,,Urteilsverkündung CETA,Marktplatz,,20,
2021-02-20 00:00:00,,,Verkehrswende,Schlossgarten,,50,
2021-02-21 00:00:00,,,Kunstperformance für Grundrechte,Schloss,,17,
2021-03-19 00:00:00,,,Fridays for Future,Schloss,,2000,
2021-03-13 00:00:00,,,Gemeinsam gegen Rassismus,Marktplatz,,200,
2021-02-23 00:00:00,,,Unterstützung zum Erhalt und Pflege von ökologischer Landwirtschaft,Festplatz Gartenhalle ,,30,
2021-03-05 00:00:00,,,MITdenken statt Querdenken,Friedrichsplatz,,125,
2021-03-10 00:00:00,,,Fukushima Jahrestag,EnBW Zentrale,,20,
2021-02-25 00:00:00,,,Catcalls of Karlsruhe kreiden an,Rüppurrer Straße 1,,2,
2021-02-26 00:00:00,,,Catcalls of Karlsruhe kreiden an,Europaplatz,,2,
2021-02-24 00:00:00,,,Infostand - Fragen und Antworten - Rund um die Corona-Maßnahmen,Marktplatz,,15,
2021-02-27 00:00:00,,,Menschenrechtslage auf Sri Lanka,Bahnhofsvorplatz,,20,
2021-02-25 00:00:00,,,Maskenfreier Appell,BVerfG,,50,
2021-02-28 00:00:00,,,Freiheit,Marktplatz,,25,
2021-02-26 00:00:00,,,Plakatniederlegung Klimakrise,Stephanplatz,,30,
2021-03-13 00:00:00,,,Gute Bildung und nachhaltige Entwicklung für unsere Kinder,Schlossplatz,,40,x
2021-03-06 00:00:00,,,Protestcamp Seebrücke,Schlossplatz,,15-100,
2021-03-07 00:00:00,,,Protestcamp Seebrücke,Schlossplatz,,15-100,
2021-03-10 00:00:00,,,Corona-Impfstoff,Marktplatz,,50-70,
2021-03-04 00:00:00,,,Maskenfreier Appell,BVerfG,,50,
2021-03-08 00:00:00,,,verdi Kampagne zur LTW 2021,Städtisches Klinikum,,20,
2021-03-12 00:00:00,,,Wir bestehen auf die ersten 20 Artikel unserer Verfassung,Marktplatz,,120,
2021-03-05 00:00:00,,,Coronoia 2020,Ettlinger Straße bis Friedrichsplatz,,20,
2021-03-07 00:00:00,,,Freiheit-Religion,Marktplatz,,25,
2021-03-03 00:00:00,,,"Mahnwache ""Für eine offene und freie Debattenkultur - Verbindung statt Spaltung""",Marktplatz,,15,
2021-03-20 00:00:00,,,Friedensklangweg,Garten der Religionen bis Marktplatz,,20,x
2021-03-07 00:00:00,,,Informationsveranstaltung Fridays for future - Straßenbeleuchtung mit abwaschbaren Temperafarben,Schloss,,20,
2021-03-05 00:00:00,,,Kunstperformance für Grundrechte,Messplatz,,20,
2021-03-08 00:00:00,,,Catcalls of Karlsruhe kreiden am Weltfrauentag,"Europaplatz, Herrenstraße, Marktplatz, Schlossgarten, Kronenplatz",,4,
2021-03-06 00:00:00,,,Kunstperformance für Grundrechte,"Karl-Wolf-Weg, Günther-Klotz-Anlage",,20,
2021-04-27 00:00:00,,,"Politische Kundgebung gegen Rechtsextremismus, Antisemitismus und Rassismus",Marktplatz,,250,
2021-03-18 00:00:00,,,Tag der politischen Gefangenen,Friedrichsplatz,,50,
2021-03-23 00:00:00,,,"Mit §§ RECHT §§ rassistisch? Wir haben und alle ""lieb"" oder wie struktureller Rassismus das gesellschaftliche Klima vergiftet",Kirchplatz St. Stephan,,50-70,
2021-03-28 00:00:00,,,Jugend gegen Krieg,Beginn/Ende: Schlossplatz,x,100-150,
2021-03-11 00:00:00,,,Infostand zum Urteil des BGH wegen illegalem Waffenhandel,Kirchplatz St. Stephan,,40,x
2021-03-11 00:00:00,,,Maskenfreier Appell,BVerfG,,50,
2021-03-10 00:00:00,,,Für eine offene und freie Debattenkultur - Verbindung statt Spaltung,Marktplatz,,15,
2021-03-27 00:00:00,,,Falun Dafa und die Verfolgung durch die Kommunistische Partei Chinas,Marktplatz,,5,
2021-03-14 00:00:00,,,Freiheit - Religion,Marktplatz,,25,
2021-03-13 00:00:00,,,"""Die Kirche im Dorf lassen"" gegen die Vergrößerung des Tagebau Garzweiler",Marktplatz (ev. Stadtkirche),,3,
2021-03-12 00:00:00,,,Coronoia 2020,Ettlinger Straße bis Marktplatz,x,15,x
2021-03-15 00:00:00,,,Gegen Polizeigewalt und Behördenwillkür,Beginn/Ende: Werderplatz,x,50,
2021-03-23 00:00:00,,,Stärkung der queeren Sichtbarkeit in Karlsruhe. Aufruf an die Fraktionen im Gemeinderat die queeren Belange im Blick zu halten.,Festplatz Gartenhalle ,,30,
2021-03-26 00:00:00,,,Wir bestehen auf die ersten 20 Artikel unserer Verfassung,Marktplatz,,120,
2021-03-19 00:00:00,,,Wir bestehen auf die ersten 20 Artikel unserer Verfassung,Marktplatz,,120,
2021-03-20 00:00:00,,,#NoMoreEmptyPromises - Energieewende jetzt!,Marktplatz (Pyramide und Kaiserstraße),,30,
2021-03-17 00:00:00,,,Catcalls of Karlsruhe kreiden an,Marktplatz,,2,
2021-03-20 00:00:00,,,Frieden ohne Gewalt,Marktplatz (Pyramide),,15,
2021-03-18 00:00:00,,,Maskenfreier Appell,BVerfG,,50,
2021-03-27 00:00:00,,,Gemeinsam gegen Rassismus,Marktplatz,,200,
2021-03-17 00:00:00,,,Für eine offene und freie Debattenkultur - Verbindung statt Spaltung,Marktplatz,,15,
2021-03-21 00:00:00,,,Freiheit - Religion,Marktplatz,,25,
2021-03-27 00:00:00,,,Aufruf zur Teilnahme am Ostermarsch 2021 in Stuttgart am 03.04.2021,Marktplatz,,10,
2021-03-28 00:00:00,,,Tanzen für den Frieden,Schlossgarten,,20,
2021-03-19 00:00:00,,,Kunstperformance für Grundrechte,Messplatz,,20,
2021-03-21 00:00:00,,,Kunstperformance für Grundrechte,Start: Karl-Friedrich-Straße,x,20,
2021-04-09 00:00:00,,,Artenschutz geht uns Alle an!,,x,30,x
2021-03-23 00:00:00,,,Catcalls of Karlsruhe kreiden an,Marktplatz,,2,
2021-04-06 00:00:00,,,"Stille Mahnwache für Frieden, Menschenrechte und Demokratie",Schlossplatz Durlach,,8,
2021-05-04 00:00:00,,,"Stille Mahnwache für Frieden, Menschenrechte und Demokratie",Schlossplatz Durlach,,8,
2021-03-25 00:00:00,,,Maskenfreier Appell,Bundesverfassungsgericht,,40,
2021-03-24 00:00:00,,,Für eine offene und freie Debattenkultur - Verbindung statt Spaltung,Marktplatz,,15,
2021-03-25 00:00:00,,,Catcalls of Karlsruhe kreiden an,"Europaplatz, Herrenstraße, Marktplatz",,2,
2021-03-25 00:00:00,,,Der 200te Feiertag der Befreiung Griechenlands von den Osmanen (25. März 1821),"Beginn: Marktplatz, Ende: Friedrichsplatz",x,200,
2021-03-26 00:00:00,,,Mahnwache zum drohenden landverlust des Biolandhofes Schleinkofer aus Rüppurr,Rathaus am Marktplatz,,20,
2021-03-28 00:00:00,,,Freiheit - Religion,Marktplatz,,25,
2021-04-06 00:00:00,,,Frauenrechte,Rintheimer Straße (Türkisches Generalkonsulat),,15,x
2021-04-02 00:00:00,,,Sternfahrt für ein Kinderlächeln,Start: Messplatz,x,?,
2021-04-02 00:00:00,,,Wir bestehen auf die ersten 20 Artikel unserer Verfassung,Marktplatz,,100,
2021-04-09 00:00:00,,,Artenschutz geht uns Alle an!,Marktplatz,,30,x
2021-04-24 00:00:00,,,Techno vereinigt Kulturen,Günther-Klotz-Anlage,,150,x
2021-04-09 00:00:00,,,Wir bestehen auf die ersten 20 Artikel unserer Verfassung,Marktplatz,,120,
2021-04-04 00:00:00,,,Osterkundgebung: Mit Hoffnung durch den Frühling,Schlossplatz,,200,
2021-04-01 00:00:00,,,Maskenfreier Appell,BVerfG,,50,
2021-04-01 00:00:00,,,Bewegungsmeditation für den Frieden und gegen die Erstarrung der Herzen,"Park ""Alter Friedhof""",,80,
2021-04-15 00:00:00,,,Finger weg von den Kindern. Keine Maskenpflicht. Keine Testpflicht. ,Staatliches Schulamt,,80,
2021-04-04 00:00:00,,,Freiheit - Religion,Marktplatz,,25,
2021-04-10 00:00:00,,,ZeroCovid,Schlossplatz,,50,
2021-04-27 00:00:00,,,Frauenrechte,Rintheimer Straße (Türkisches Generalkonsulat),,15,
2021-04-08 00:00:00,,,Unser deutsches Bundesverfassungsgericht muss - nach dem Vorbild des Verwaltungsgerichts Wien (VGW-103/048/3227/2021-2) - unsere Grundrechte schützen: Die Pandemie ist zu Ende,Bundesverfassungsgericht,,50,
2021-04-24 00:00:00,,,Falun Dafa und die Verfolgung durch die Kommunistische Partei Chinas,Marktplatz,,5,
2021-05-17 00:00:00,16:00:00,19:00:00,International Day against Homophobia (IDAHO*),"Platz der Grundrechte, Karl-Friedrich-Straße, Rondellplatz, Erbprinzenstraße, Karlstraße, Karlstraße, Kaiserstraße, Platz der Grundrechte",x,100,
2021-04-24 00:00:00,,,Rettungsleine - gegen das Sterben im Mittelmeer,Platz der Grundrechte,,80,
2021-04-12 00:00:00,,,Bundesweite Aktion zur Einführung einer bedarfsgerechten Personalausstattung im Krankenhaus,"Haus A, Städtisches Klinikum",,10,
2021-04-07 00:00:00,,,Für eine offene und freie Debattenkultur - Verbindung statt Spaltung,Marktplatz,,15,
2021-04-11 00:00:00,,,Aktionstag Sicherer Hafen Ba-Wü - Sofortige Evakuierung alle Flüchtlinge aus den Flüchtlingslagern an den Außengrenzen der EU und Aufnahme der Flüchtlinge,Schlossplatz,,50,
2021-04-16 00:00:00,,,Wir bestehen auf die ersten 20 Artikel unserer Verfassung,Marktplatz,,150,
2021-04-23 00:00:00,,,Wir bestehen auf die ersten 20 Artikel unserer Verfassung,Marktplatz,,150,
2021-04-30 00:00:00,,,Wir bestehen auf die ersten 20 Artikel unserer Verfassung,Marktplatz,,150,
2021-05-01 00:00:00,,,1. Mai als internationaler Tag der Arbeiter,Marktplatz/Kirchplatz St. Stephan,,100,x
2021-04-12 00:00:00,,,Montagsdemo gegen Hartz IV und Sozialabbau + Konsequenter Gesundheitsschutz: JA! Abwälzung der Krisenlasten auf die Bevölkerung und Abbau demokratischer Rechte und Freiheiten: NEIN!,Marktplatz,,50,
2021-05-05 00:00:00,,,Montagsdemo gegen Hartz IV und Sozialabbau + Konsequenter Gesundheitsschutz: JA! Abwälzung der Krisenlasten auf die Bevölkerung und Abbau demokratischer Rechte und Freiheiten: NEIN!,Marktplatz,,50,
2021-04-14 00:00:00,,,Catcalls of Karlsruhe kreiden an,Europaplatz/Herrenstraße/Marktplatz/Kronenplatz,,2,
2021-04-17 00:00:00,,,Catcalls of Karlsruhe kreiden an,Marktplatz/Zähringer Straße/Bürgerstraße/Europaplatz/Hirschstraße,,2,
2021-04-19 00:00:00,,,Catcalls of Karlsruhe kreiden an,Bernhardstraße/Brunnenstraße/Kapellenstraße/Rüppurer Straße,,2,x
2021-04-18 00:00:00,,,Freiheit - Religion,Schlossplatz,,25,
2021-04-15 00:00:00,,,Maskenfreier Appell,Bundesverfassungsgericht,,50,
2021-04-22 00:00:00,,,Maskenfreier Appell,Bundesverfassungsgericht,,50,
2021-05-12 00:00:00,,,Tag der Pflege - für mehr Personal in Krankenhäuser und Pflegeeinrichtungen,Friedrichsplatz,,80,
2021-04-25 00:00:00,,,Bewegungsmeditation für den inneren und äußeren frieden und gegen die Erstarrung der Herzen,"Park ""Alter Friedhof""",,80,
2021-04-14 00:00:00,,,Für eine offene und freie Debattenkultur - Verbindung statt Spaltung,Marktplatz,,15,
2021-04-24 00:00:00,,,Billigfleisch Mahnwache,Ludwig-Erhard-Allee/Rüppurrer Straße,,2,
2021-06-05 00:00:00,,,Mehr Achtsamkeit für die Gesundheit,Friedrichsplatz,x,200,x
2021-06-03 00:00:00,,,Querdenken 721,Messplatz bis Günther-Klotz-Anlage,x,1500,
2021-04-24 00:00:00,,,Kunstaktion gegen die geplante Urheberrechtsreform,Bundesverfassungsgericht,,5,
2021-05-01 00:00:00,,,Mit Mut und Solidarität - als Klasse kämpfen - für eine Zukunft ohne Krisen!,Schlossplatz bis Festplatz,x,200,
2021-05-15 00:00:00,14:00:00,17:00:00,150 Jahre § 218 - Es reicht!,Marktplatz,,200,
2021-07-05 00:00:00,,,Mahnwache: 12 Jahre Massaker von Urumqi,Marktplatz,,30,
2021-04-25 00:00:00,,,Freiheit-Religion,Schlossplatz,,25,
2021-05-22 00:00:00,14:00:00,18:00:00,Hoffnung durch Musik,Wiese der Albkapelle in Grünwinkel,,100,
2021-05-02 00:00:00,,,Mahnmal zum Tag der Lebensmittelverschwendung - Initiative Foodsharing Karlsruhe,Marktplatz,,10,
2021-05-03 00:00:00,,,"Solidarität mit Kolleg*innen aus der Gebäudereinigung in Houston, Texas",gegenüber Durlacher Allee 109,,15,
2021-05-09 00:00:00,,,"Situation von Flüchtlingen in Europa und Lybien, Ausstellung von Bildern aus den Lagern",Marktplatz,,?,
2021-04-29 00:00:00,,,Maskenfreier Appell: Unser deutsches Bundesverfassungsgericht muss unsere Grundrechte schützen. Stoppt Folter und Menschenrechtsverletzungen!,Bundesverfassungsgericht,,50,
2021-05-08 00:00:00,,,Müll sammeln + Aufmerksamkeit für die Partei Volt,Stephansplatz bis Schlosspark,x,10,
2021-04-28 00:00:00,,,Mahnwache für eine offene und freie Debattenkultur - Verbindung statt Spaltung,Marktplatz,,10,
2021-05-08 00:00:00,,,Sofortige Evakuierung aller Flüchtlinge aus den Flüchtlingslagern an den Außengrenzen der EU und Aufnahme der Flüchtlinge / 8.5.2021 - Jahrestag der Befreiung vom Faschismus,Schlossplatz,,50,
2021-05-16 00:00:00,17:00:00,20:00:00,Bewegungsmeditation für den inneren und äußeren frieden und gegen die Erstarrung der Herzen,"Park ""Alter Friedhof""/Nottingham Anlage",,80,
2021-05-02 00:00:00,,,Freiheit-Religion,Schlossplatz,,25,
2021-05-09 00:00:00,,,ZeroCovid,Schlossplatz,,60,
2021-05-01 00:00:00,,,Arbeitsrecht und gegenseitige Hilfe,Schlossplatz,,15,
2021-05-01 00:00:00,,,Solidarität ist Zukunft,Stephanplatz/Marktplatz/Friedrichsplatz/Kronenplatz,,400,
2021-05-15 00:00:00,14:00:00,17:00:00,Global Marijuana March,Schlossplatz,,50,
2021-05-03 00:00:00,,,Montagsdemo gegen Hartz IV und Sozialabbau + Konsequenter Gesundheitsschutz: JA! Abwälzung der Krisenlasten auf die Bevölkerung und Abbau demokratischer Rechte und Freiheiten: NEIN!,Marktplatz,,50,
2021-05-04 00:00:00,,,Satzung Hauptausschuss zu Flughafen Karlsruhe/Baden,Marktplatz,,20,
2021-05-06 00:00:00,,,"Maskenfreier Appell: Unser deutsches Bundesverfassungsgericht muss unsere Grundrechte schützen! Stoppt Folter und Menschenrechtsverletzungen! Dies kann nur mit integeren, unbestechlichen Richtern gelingen. ",,,50,
2021-05-06 00:00:00,,,Freiheit Religion,Marktplatz,,40,
2021-05-09 00:00:00,,,Freiheit Religion,Schlossplatz,,25,
2021-05-05 00:00:00,,,Mahnwache für eine offene und freie Debattenkultur - Verbindung statt Spaltung,Marktplatz,,10,
2021-05-14 00:00:00,12:00:00,17:00:00,Kundgebung von Fridays for Future bzgl. der Investionsstrategie der Commerzbank,Marktplatz,,30,
2021-05-15 00:00:00,10:00:00,17:00:00,150 Jahre §218 sind genug,Platz der Grundrechte,,5,
2021-05-07 00:00:00,,,Wir bestehen auf die ersten 20 Artikel unserer Verfassung,Marktplatz,,120,
2021-06-17 00:00:00,,,"Außenpolitik, Friedenspolitik, Waffenexporte, Menschenrechte",Friedrichsplatz,,200,
2021-05-10 00:00:00,,,Aktuelle Situation in Kolumbien,Marktplatz/Schlossplatz,,25,
2021-05-15 00:00:00,10:00:00,20:00:00,Billigfleisch Mahnwache,Ludwig-Erhard-Allee/Rüppurrer Straße,,2,
2021-05-28 00:00:00,,,Politische Kundgebung von Herrn Todenhöfer,Messplatz,,1000,x
2021-05-16 00:00:00,13:00:00,17:00:00,Freiheit-Religion,Schlossplatz,,25,
2021-05-12 00:00:00,,,12. Mai Internationaler Tag der Pflegenden,"Haus A, Städtisches Klinikum",,20,
2021-05-14 00:00:00,17:30:00,19:30:00,Wider den Faschismus,Marktplatz,,120,
2021-05-12 00:00:00,,,Für eine offene und freie Debattenkultur - Verbindung statt Spaltung,Marktplatz,,10,
2021-05-13 00:00:00,,,Menschenrechte in Belarus,Bundesverfassungsgericht,,10,x
2021-05-15 00:00:00,15:00:00,18:00:00,Proteste wegen drohender Zwangsräumungen im Ostjerusalemner Stadtteil Scheich Dscharrah,Stephanplatz,,50,
2021-05-15 00:00:00,17:15:00,19:00:00,Palästinensche Situation in Jerusalem,Marktplatz,,150,
2021-05-12 00:00:00,,,Fridays for Future,Marktplatz bis BVerfG,x,50,
2021-05-15 00:00:00,15:00:00,18:00:00,Öffentlichkeit schaffen für den Völkermord an den Tamilen / Menschenrechtslage auf Sri Lanka,Friedrichsplatz,,10,
2021-05-16 00:00:00,16:00:00,21:00:00,Gran Marcha Por Colombia - Kundgebung gegen die Gewalt der kolumbianischen Regierung gegenüber der Zivilbevölkerung,Schlossplatz,,120,
2021-06-03 00:00:00,12:00:00,18:00:00,Kein Platz für Querdenken,mehrere Örtlichkeiten,,150,
2021-05-18 00:00:00,14.30,18:30:00,Landverlust des Biolandhofes Schleinkofer,Festplatz Gartenhalle ,,20,
2021-05-20 00:00:00,18:00:00,19:00:00,"Maskenfreier Appell: Unser deutsches Bundesverfassungsgericht muss unsere Menschenrechte und unsere freiheitlich, demokratische Grundordnung schützen! Eine faktische Aufhebung der Gewaltenteilung von Exekutive, Legislative und Judikative ist nicht zulässig! Stoptt Folter udn Menschenrechtsverletzugnen!",Bundesverfassungsgericht,,50,
2021-07-11 00:00:00,16:30:00,18:00:00,Mahnwache und Demonstration zum Gedenken an den Völkermord von Srebrenica,Platz der Grundrechte,x,100,
2021-06-18 00:00:00,09:30:00,13:00:00,Artenschutz geht uns Alle an!,Marktplatz,,80,x
2021-05-30 00:00:00,17:00:00,20:00:00,Bewegungsmeditation für den inneren und äußeren frieden und gegen die Erstarrung der Herzen,"Park ""Alter Friedhof""",,80,
2021-06-03 00:00:00,12:00:00,19:00:00,Wissen statt Angst,Schlossplatz (Karl-Friedrich-Denkmal),,300,
2021-05-29 00:00:00,12:00:00,18:00:00,Kunstaktion gegen die Umsetzung der Urheberrechtsreform,Bundesverfassungsgericht,,5,
2021-06-03 00:00:00,10:45:00,15:15:00,Popup-Bikelane,Fritz-Erler-Straße,,20,
2021-05-23 00:00:00,13:00:00,17:00:00,Freiheit-Religion,Schlossplatz,,25,
2021-05-19 00:00:00,17:00:00,19:00:00,"Mahnwache ""Für eine offene und freie Debattenkultur - Verbindung statt Spaltung""",Marktplatz,,10,
2021-05-29 00:00:00,10:00:00,,Klimacamp für Gerechtigkeit,Schlossplatz,,15,
2021-05-22 00:00:00,17:00:00,19:00:00,Dass der Krieg im Gaza-Streifen endet,Schlossplatz,,100,x
2021-05-28 00:00:00,16:00:00,17:30:00,Mahnwache gegen Antisemitismus und für unsere jüdischen Bürgerinnen und Bürger,Martplatz,,300,
2021-09-24 00:00:00,10:00:00,21:00:00,"Globalstreik von Fridays for Future, Bezug zur Verkehrswende",Kapellenstraße - Kriegstraße - Karl-Friedrich-Straße - Zirkel - Waldhornstraße - Kaiserstraße - Kapellenstraße ,x,5000,
2021-05-30 00:00:00,13:00:00,17:00:00,Freiheit Religion,Schlossplatz,,25,
2021-06-05 00:00:00,13:00:00,18:00:00,Sozial- und Klimagerechte Mobilitätswende jetzt - Autobahnbau stoppen,"Autobahn GmbH Südwest, Durlacher Allee 75-77",,25,
2021-06-06 00:00:00,11:00:00,15:00:00,Müll sammeln + Aufmerksamkeit für die Partei Volt,Stephanplatz - Waldstraße - Erbprinzenstraße - Karl-Friedirch-Straße - Platz der Grundrechte - Schlosspatk,x,10,
2021-05-28 00:00:00,17:30:00,19:30:00,Wir bestehen auf die ersten 20 Artikel unserer Verfassung,Marktplatz,,100,
2021-06-04 00:00:00,17:30:00,19:30:00,Wir bestehen auf die ersten 20 Artikel unserer Verfassung,Marktplatz,,100,x
2021-06-12 00:00:00,17:00:00,20:00:00,Bewegungsmeditation für den inneren und äußeren frieden und gegen die Erstarrung der Herzen,"Park ""Alter Friedhof""",,80,
2021-06-01 00:00:00,17:00:00,18:15:00,"Stille Mahnwache für Frieden, Demokratie und Menschenrechte",Schlossplatz Durlach,,8,
2021-05-28 00:00:00,13:00:00,16:00:00,Catcalls of Karlsruhe kreiden an ,"Bernhardstraße 1, Kaiserstraße 1, Kaiserstraße 21, Kapellenstraße 50, Rüppurrer Straße 1",,2,
2021-06-05 00:00:00,15:00:00,16:00:00,Wiesen und Wald statt Asphalt,Rheinbrücke,,20,
2021-07-25 00:00:00,16:00:00,18:00:00,Klimaschutz,Marktplatz,,10,
2021-06-06 00:00:00,15:00:00,19:00:00,Bundestagswahlen 2021 - Haltung zeigen für eine solidarische und soziale Gesellschaft,Schlossgarten,,50,
2021-05-27 00:00:00,18:00:00,19:00:00,Maskenfreier Appell,Bundesverfassungsgericht,,40,
2021-06-19 00:00:00,10:00:00,18:30:00,Falun Dafa und die Verfolgung durch die Kommunistische Partei Chinas,Platz der Grundrechte,,8,
2021-06-17 00:00:00,15:00:00,18:00:00,"Anwälte für Aufklärung: Für die Wiederherstellung der Grundrechte, des Rechtsstaatsprinzips und des Verhältnismäßigkeitsgrundsatzes",Bundesverfassungsgericht,,100,
2021-06-06 00:00:00,13:00:00,17:00:00,Freiheit-Religion,Schlossplatz,,25,
2021-06-03 00:00:00,15:00:00,19:00:00,Kein Platz für Querdenken! Solidarität statt rechter Verschwörungsmythen!,Stephanplatz bis Friedrichsplatz,x,200,
2021-06-26 00:00:00,15:00:00,18:00:00,Verordnungen für die Kinder- und Jugendarbeit in den Sommerferienzeiten,Kronenplatz,,100,
2021-06-05 00:00:00,14:00:00,18:00:00,CSD Karlsruhe 2021,Schlossplatz,x,320,
2021-06-05 00:00:00,12:00:00,16:00:00,Catcalls of Karlsruhe kreiden an,"Bahnhofsvorplatz, Barbarossaplatz, ZKM, Kolpingplatz, Karl-Wolf-Weg, Yorckstraße",,3,
2021-06-07 00:00:00,10:00:00,12:00:00,Gegen Abschiebung von Flüchtlingen nach Sri Lanka,Marktplatz,,25,
2021-06-07 00:00:00,18:00:00,19:00:00,Montagsdemo gegen Hartz IV und Sozialabbau + Konsequenter Gesundheitsschutz: JA! Abwälzung der Krisenlasten auf die Bevölkerung und Abbau demokratischer Rechte und Freiheiten: NEIN!,Marktplatz,,50,
2021-06-20 00:00:00,18:30:00,21:00:00,Freiheit-Religion,Schlossplatz,,20,
2021-06-11 00:00:00,17:30:00,19:30:00,Wir bestehen auf die ersten 20 Artikel unserer Verfassung,Friedrichsplatz,,100,
2021-06-11 00:00:00,15:00:00,17:00:00,Menschenrechtsverletzungen,Marktplatz,,2,
2021-07-03 00:00:00,11:00:00,13:00:00,Gegen die Verlängerung der Turmbergbahn in Karlsruhe-Durlach,Bergbahnstraße,,80,
2021-06-25 00:00:00,18:00:00,19:30:00,"Offenes Treffen ""Critical mass Fahrradtour"", Radfahrer fordern mehr Rechte, bessere Infrastruktur und mehr Platz im Verkehrsraum, insbesondere für deren Sicherheit, sodass sich eine Verkehrswende in gute Bedingungen realisieren kann. ",Kronenplatz bis Schlossplatz,x,250,
2021-06-19 00:00:00,11:00:00,15:00:00,Die Zukunft ist unverpackt,Marktplatz,,10,x
2021-06-18 00:00:00,15:00:00,17:00:00,Menschenrechtsverletzungen,Marktplatz,,2,
2021-06-25 00:00:00,15:00:00,17:00:00,Menschenrechtsverletzungen,Marktplatz,,2,
2021-06-16 00:00:00,11:30:00,13:30:00,Aktionstag zur Bundesgesundheitsministerkonferenz am 16.6.2021,"Haus A, Städtisches Klinikum",,20,
2021-06-20 00:00:00,14:00:00,18:00:00,Internationales Picknick,Günther-Klotz-Anlage,,10,
2021-06-20 00:00:00,17:00:00,21:00:00,Bewegungsmeditation für den inneren und äußeren frieden und gegen die Erstarrung der Herzen,"Park ""Alter Friedhof""",,80,
2021-06-16 00:00:00,16:00:00,19:00:00,Versprochen-Gebrochen - Lehren ziehen Protest zur laufenden Gesundheitsministerkonferenz,Marktplatz,,50,
2021-06-19 00:00:00,14:00:00,19:00:00,Karlsruhe verschläft die Klimaziele,Marktplatz,,50,x
2021-06-16 00:00:00,16:30:00,18:30:00,Catcalls of Karlsruhe kreiden an," Bahnhogsvorplatz, ZKM, Karl-Wolf-Weg",,2,
2021-08-01 00:00:00,17:00:00,21:00:00,Bewegungsmeditaton für den inneren und äußeren Frieden und gegen die Erstarrung der Herzen,"Park ""Alter Friedhof""",,80,
2021-06-16 00:00:00,09:30:00,10:30:00,Warnstreik im Rahmen der Tarifrunde des Kfz-Handwerks Baden-Württemberg,Sophienstraße 135,,30,
2021-06-15 00:00:00,12:00:00,13:00:00,"""Aktive Mittagspause"" im Rahmen der Tarifrunde des Kfz-Handwerks Baden-Württemberg","Gottesauer Straße, Bäckerei Visel",,50,
2021-06-15 00:00:00,09:30:00,10:30:00,Warnstreik im Rahmen der Tarifrunde des Kfz-Handwerks Baden-Württemberg,Großmarkt,,80,
2021-06-18 00:00:00,18:00:00,20:30:00,Bundestagswahlen 2021 - Haltung zeigen für eine solidarische und soziale Gesellschaft,Schlossgarten,,50,
2021-06-18 00:00:00,12:00:00,13:00:00,"""Aktive Mittagspause"" im Rahmen der Tarifrunde des Kfz-Handwerks Baden-Württemberg",Grünfläche Durmersheimer Straße 149,,40,
2021-06-17 00:00:00,17:00:00,20:00:00,Wahlkreiskonferenz 271,Marktplatz,,100,x
2021-06-17 00:00:00,20:00:00,21:00:00,Wahlkreiskonferenz 271,Bundesverfassungsgericht,,50,
2021-07-08 00:00:00,17:30:00,19:30:00,Augenblicke des Friedens,Kirchplatz St. Stephan,,18,
2021-07-21 00:00:00,14:00:00,17:00:00,Gedenkstunde zum Gedenktag für verstorbene Drogengebrauchende,Marktplatz,,60,
2021-06-17 00:00:00,15:00:00,19:00:00,"Wir freien Menschen, Eltern und Großeltern, appellieren maskenfrei an die Richter
des deutschen Bundesverfassungsgerichts, den Schutz der Grundrechte zum Wohle aller,
insbesondere aber der Kinder zu gewährleisten. Die aktuellen Maßnahmen der Exekutive
führen zu einer eklatanten Kindeswohlgefährdung.",Schlossplatz,,100,
2021-06-19 00:00:00,13:30:00,18:00:00,Kundgebung gegen Rassismus: Gewalt und Mord an People of Color stoppen!,Stephanplatz,,100,
2021-07-01 00:00:00,11:00:00,14:00:00,Deutsche Waffen töten in Kolumbien: Waffenexporte stoppen!,Marktplatz / Rintheimer Querallee 11,,30,
2021-07-03 00:00:00,11:00:00,15:00:00,Die Zukunft ist unverpackt,Marktplatz,,10,
2021-06-27 00:00:00,10:00:00,12:00:00,Pride Run - Liebe ist ein Menschenrecht,Schlossplatz - Marktplatz - BGH - Europaplatz,x,10,
2021-06-27 00:00:00,17:00:00,21:00:00,Bewegungsmeditation für den inneren und äußeren frieden und gegen die Erstarrung der Herzen,"Park ""Alter Friedhof""",,80,
2021-06-21 00:00:00,10:00:00,12:00:00,Parteiverräterin mit Todesfolge durch Rechtsanwältin Gabriele Schneider,Erbrpinzenstraße 27,,10,
2021-06-21 00:00:00,13:00:00,15:00:00,Nazi- und Lynchjustiz durch den 4. Strafsenat - alle Macht dem Volk,Rintheimer Querallee 11,,10,
2021-06-27 00:00:00,18:30:00,21:00:00,Freiheit-Religion,Schlossplatz,,20,
2021-06-24 00:00:00,,,"Seit April 2020 leiden Familien, insbesondere Senioren, Kinder und Jugendliche unter den Maßnahmen der deutschen Bundesregierung – unter Maßnahmen, die anderswo nie eingeführt (Schweden) bzw. bereits beendet wurden (z. B. USA).",Bundesverfassungsgericht,,30,
2021-06-25 00:00:00,17:30:00,20:00:00,Wir bestehen auf die ersten 20 Artikel unserer Verfassung,Friedrichsplatz,,100,
2021-07-02 00:00:00,12:30:00,19:00:00,Öffentliche Kunstaktion von Fridaysforfuture,Nördliche Schlossseite,,30,
2021-07-18 00:00:00,17:00:00,21:00:00,Bewegungsmeditation für den inneren und äußeren frieden und gegen die Erstarrung der Herzen,"Park ""Alter Friedhof""",,80,
2021-09-22 00:00:00,10:00:00,20:00:00,Bundestagswahlkampftour mit der Spitzenkandidatin der GRÜNEN Annalena Baerbock,Schlossplatz,,500,
2021-06-28 00:00:00,16:30:00,20:00:00,Forderungen des Klimacamps an die Stadt ,Marktplatz,,100,
2021-06-29 00:00:00,16:30:00,20:00:00,Ampeldemo für Tierrechte,Kaiserallee Ecke Reinhold-Frank-Straße,,10,
2021-06-30 00:00:00,17:00:00,20:00:00,Keinen Dialog mit Rechten,Schlossplatz Durlach,,30,
2021-07-31 00:00:00,13:30:00,16:30:00,Wahlkampfauftakt der MLPD zur diesjährigen Bundestagswahl,Kirchplatz St. Stephan,,150,
2021-07-04 00:00:00,12:00:00,18:00:00,Kunstaktion gegen das Aufbrechen verschlüsselter Nachrichten im Internet,Bundesverfassungsgericht,,10,
2021-07-20 00:00:00,10:30:00,12:00:00,Gender matters,"Durlach: Pfinztalstraße Fußgängerzone,
  Schlossplatz-Rathaus",,30,
2021-07-02 00:00:00,15:00:00,19:00:00,Präsenz von Frauen* im öffentlichen Raum. Aufmerksamkeit für das Thema Gewalt im öffentlichen Raum generieren,Friedrichsplatz,,20,
2021-07-01 00:00:00,18:00:00,19:00:00,"Maskenfreier Appell: Unser deutsches Bundesverfassungsgericht muss die Demokratie, unsere Grund- und Freiheitsrechte schützen. Gilt noch die Gewaltenteilung von Exekutive, Legislative, Judikative?",Bundesverfassungsgericht,,30,
2021-07-06 00:00:00,17:00:00,18:15:00,"Stille Mahnwache für Frieden, Demokratie und Menschenrechte",Schlossplatz Durlach,,8,
2021-07-04 00:00:00,18:00:00,21:00:00,Freiheit-Religion,Schlossplatz,,20,
2021-07-02 00:00:00,17:30:00,20:00:00,"Es wird im Stadtkreis Karlsruhe jeden Tag (Stand 28.06.21) ein halber (0,5) Mensch positiv auf Corona getestet. Bei einer Bevölkerung von 312.000 Einwohnern. Wir fordern dauerhaft: Keine Maskenpflicht für Teilnehmer, Ordner und Versammlungsleitung bei dieser tiefen Inzidenz: 1,6 am 28.06.2021.",Friedrichsplatz,,100,
2021-07-17 00:00:00,13:00:00,16:30:00,Klimagerechtigkeit - Nur gerecht ist echt!,Schlossplatz - Marktplatz - Rondellplatz - Markgrafenstraße - Kronenstraße - Kaiserstraße - Herrenstraße - Erbprinzenstraße - Rondellplatz - Marktplatz - Schlossplatz,,30,
2021-07-06 00:00:00,16:30:00,20:00:00,Ampeldemo für Tierrechte,Kreuzung Kaiserallee/Rheinhold-Frank-Straße,,10,
2021-07-05 00:00:00,18:00:00,19:00:00,Montagsdemo gegen Hartz IV und Sozialabbau + Konsequenter Gesundheitsschutz: JA! Abwälzung der Krisenlasten auf die Bevölkerung und Abbau demokratischer Rechte und Freiheiten: NEIN!,Marktplatz,,50,
2021-07-02 00:00:00,16:00:00,18:00:00,Catcalls of Karlsruhe kreiden an,"Baumeisterstr.3, Karl-Friedrich-Str.26, Marktplatz",,3,
2021-07-02 00:00:00,10:00:00,11:00:00,Aktuelle Tarifauseinandersetzung im Einzelhandel,"Europaplatz, Kaiserstr., Ritterstr., Friedrichsplatz",x,100,
2021-08-05 00:00:00,17:00:00,19:00:00,Tiertransporte sind grausam,Marktplatz,,10,
2021-07-28 00:00:00,15:30:00,17:00:00,Finanzierung im öffentlichen Dienst/Sozial- und Erziehungsdienst,Marktplatz,,30,
2021-07-02 00:00:00,17:00:00,19:00:00,Menschenrechtsverletzungen gegen Uyguren in China,Marktplatz,,2,
2021-07-03 00:00:00,14:00:00,18:00:00,Alien Diner gegen Speziesismus,Kaiserstraße,,10,
2021-07-09 00:00:00,17:00:00,19:00:00,Menschenrechtsverletzungen gegen Uyguren in China,Marktplatz,,2,
2021-07-16 00:00:00,17:00:00,19:00:00,Menschenrechtsverletzungen gegen Uyguren in China,Marktplatz,,2,
2021-07-04 00:00:00,16:00:00,19:00:00,Infostand Bundestagswahl,Ludwigsplatz,,5,x
2021-07-30 00:00:00,18:00:00,19:30:00,Critical Mass Fahrradtour,Beginn/Ende: Kronenplatz,x,550,
2021-08-05 00:00:00,13:00:00,19:00:00,Generationengerechtigkeit,Friedrichsplatz,,10,
2021-07-25 00:00:00,14:00:00,18:00:00,Zoos sind Gefängnisse für Tiere,"Zoo Karlsruhe, Eingang Hauptbahnhof",,10,
2021-07-08 00:00:00,18:00:00,19:00:00,Maskenfreier Appell: Unser deutsches Bundesverfassungsgericht muss unsere Grundrechte und die Gesundheit unserer Kinder schützen - gemäß aktueller JAMA-Pediatrics-Studie steigt der Kohlendioxidgehalt in der Atemluft bei Kindern unter der Gesichtsmaske schon nach 3 Minuten auf inakzeptabel hohe Werte von über 13.000 parts per million (ppm).,Bundesverfassungsgericht,,30,
2021-07-18 00:00:00,16:00:00,21:00:00,Dieses System macht uns krank, Schlossplatz,,30,
2021-07-11 00:00:00,14:00:00,17:00:00,Freiheit-Religion,Schlossplatz,,20,
2021-07-09 00:00:00,17:30:00,19:30:00,"Wir fordern das sofortige Ende aller Pandemiemaßnahmen. Wir, inclusive der Ordner, demonstrieren maskenfrei. ",Stephanplatz,,60,
2021-07-27 00:00:00,16:30:00,20:00:00,Ampeldemo für Tierrechte,Kaiserallee Ecke Reinhold-Frank-Straße,,10,
2021-07-31 00:00:00,12:00:00,20:00:00,"Klimakollektiv Karlsruhe ruft zur Fahrraddemo auf: ""4% teurere Bahntickets? Nicht mit uns! Auf die Straße für eine klimagerechte und soziale Verkehrspolitik!""",Marktplatz bis Friedrichsplatz,x,100,
2021-07-26 00:00:00,18:00:00,21:00:00,Festung Europa und wie die Bundesregierung an ihr mitbaut,Nottingham-Anlage,,60,
2021-08-28 00:00:00,17:00:00,19:00:00,Giftgasangriff in Ostghouta,Marktplatz,,30,
2021-07-24 00:00:00,16:30:00,19:00:00,Menschenrecht Lage auf Sri Lanka - Denken an den Juni 1983 der Progrome,Marktplatz,,50,
2021-09-18 00:00:00,12:00:00,20:00:00,Zeit für Legalisierung,Kronenplatz bis Schlossplatz,x,500,
2021-07-14 00:00:00,17:00:00,20:00:00,#DKPwählbarmachen,Schlossplatz,,70,
2021-07-18 00:00:00,18:00:00,21:00:00,Freiheit-Religion,Schlossplatz,,20,
2021-07-21 00:00:00,09:00:00,13:00:00,Was gab es im Bundestag am 30.06.2021 zum Abendessen? Ein Bundesverfassungsgericht!,Bundesverfassungsgericht,,50,
2021-07-17 00:00:00,15:00:00,18:00:00,Müll sammeln + Aufmerksamkeit für die Partei Volt,Stephanplatz - Waldstraße - Erbprinzenstraße - Karl-Friedrich-Straße - Platz der Grundrechte ,,5,
2021-07-14 00:00:00,17:30:00,18:30:00,Nicht Zulassung der DKP zu den Bundestagswahlen 2021,Schlossplatz,,50,
2021-07-16 00:00:00,17:30:00,19:30:00,"Wir fordern das sofortige Ende aller Pandemiemaßnahmen. Wir, inclusive der Ordner, demonstrieren maskenfrei. ",Stephanplatz,,60,
2021-07-13 00:00:00,18:00:00,23:00:00,SOS Kuba,Marktplatz,,10,
2021-07-15 00:00:00,18:00:00,19:00:00,Maskenfreier Appell: Unser deutsches Bundesverfassungsgericht muss unsere Grundrechte und die Gesundheit unserer Kinder schützen ,Schlossplatz,,30,
2021-07-21 00:00:00,06:00:00,09:30:00,Ver.di Streikkundgebung,Knielinger Allee Ecke Franz-Lust-Straße,,40,
2021-07-23 00:00:00,15:00:00,17:30:00,Klimastreik von Fridays for Future Karlsruhe unter dem Motto: Klimafolgenstreik - Die Klimakrise ist hier,Marktplatz - Rondellplatz - Ludwigsplatz - Waldstraße - Karlstraße - Kaiserstraße - Lammstraße - Hebelstraße - Marktplatz - Schlossplatz,x,200,
2021-07-31 00:00:00,13:00:00,17:00:00,Mahnwache für die Unterstützung der Demokratiebewegung (Rgeenschirmproteste) in Hongkong,Schlossplatz,,10,
2021-08-07 00:00:00,18:00:00,20:00:00,Politische Kundgebung,Friedrichsplatz,,1000,
2021-08-20 00:00:00,,,Ohne Kerosin nach Berlin,,x,60,
2021-08-15 00:00:00,17:00:00,21:00:00,Bewegungsmeditation für den inneren und äußeren frieden und gegen die Erstarrung der Herzen,"Park ""Alter Friedhof""",,80,
2021-07-25 00:00:00,18:30:00,21:00:00,Freiheit Religion,Schlossplatz,,20,
2021-07-23 00:00:00,17:00:00,19:00:00,Menschenrechtsverletzungen in China,Marktplatz,,2,
2021-09-18 00:00:00,10:00:00,14:00:00,Rettungskette für Menschenrechte - Gegen das Sterben im Mittelmeer,Moltkestraße 31 bis Edelsheimstraße 1,,1400,
2021-08-06 00:00:00,17:00:00,18:30:00,Hiroshima-Gedenktag,Platz der Grundrechte - Karl-Friedrich-Straße - Marktplatz - Karl-Friedrich-Straße - Rondellplatz - Erbprinzenstraße - Herrenstraße - Kaiserstraße - Karl-Friedrich-Straße - Platz der Grundrechte,x,30,
2021-09-01 00:00:00,17:00:00,18:30:00,Kundgebung zum 1. September (Antikriegstag),Marktplatz ,,100,
2021-07-27 00:00:00,11:00:00,12:30:00,Streikkunggebund an der Herzchirurgie Karlsruhe,Städtisches Klinikum,,40,
2021-08-22 00:00:00,14:00:00,18:00:00,Glaube und Freiheit,,,25,
2021-08-29 00:00:00,14:00:00,18:00:00,Glaube und Freiheit,,,25,x
2021-09-16 00:00:00,17:30:00,21:30:00,Aufklärung bewahren statt Massenpsychose,Marktplatz,,300,x
2021-09-23 00:00:00,17:30:00,21:30:00,Aufklärung bewahren statt Massenpsychose,Marktplatz,,300,
2021-07-26 00:00:00,18:00:00,23:00:00,Demonstration gegen die Diktatur in Kuba,Marktplatz,,45,
2021-09-18 00:00:00,16:00:00,18:30:00,"Zuer Bundestagswahl: Pflegenotstand beseitigen, Kein Profit mit Krankenhäusern, Gesundheit ist Daseinsvorsorge - Parteien wählen, die dafür nicht nur Versprechungen machen",Friedrichsplatz - Ludwigsplatz - Waldstraße - Kaiserstraße - Marktplatz ,,50,
2021-07-29 00:00:00,18:00:00,19:00:00,"Maskenfreier Appell: Unser deutsches Bundesverfassungsgericht muss die Grund- und Menschenrechte, insbesondere die Gesundheit unserer Kinder schützten! Dies gelingt nur mit unabhängigen, ehrlichen, freien Richtern und Richterinnen. Was eine ""Notlage von nationaler Tragweite"" darstellt, ist nicht legal definiert. Es fehlen die Mortalitäts- und Morbiditätsangaben. Die grundgesetzeinschränkenden Maßnahmen sind verfassungswidrig und nicht gerechtfertigt.",Bundesverfassungsgericht,,30,
2021-08-27 00:00:00,16:00:00,20:00:00,Mahnwache für eine offene und freie Debattenkultur - Verbindung statt Spaltung,Marktplatz,,15,
2021-07-29 00:00:00,17:00:00,21:00:00,#DKPwählbarmachen,Schlossplatz,,60,
2021-09-29 00:00:00,16:30:00,20:00:00,Ampeldemo für Tierrechte,Kreuzung Kaiserallee/Rheinhold-Frank-Straße,,10,
2021-07-30 00:00:00,17:00:00,19:00:00,Menschenrechtsverletzung in China,Marktplatz,,2,
2021-09-19 00:00:00,14:00:00,18:00:00,Zoos sind Gefängnisse für Tiere,"Zoo Karlsruhe, Eingang Hauptbahnhof",,10,
2021-08-02 00:00:00,18:00:00,19:00:00,Montagsdemo gegen Hartz IV und Sozialabbau + Konsequenter Gesundheitsschutz: JA! Abwälzung der Krisenlasten auf die Bevölkerung und Abbau demokratischer Rechte und Freiheiten: NEIN!,Marktplatz,,50,
2021-08-01 00:00:00,18:00:00,21:00:00,Freiheit-Religion,Schlossplatz,,15,
2021-09-07 00:00:00,18:00:00,19:00:00,IAA #aussteigen - Mobilitätswende jetzt! Fahrradkorso durch Karlsruhe als Teil der Fahrrad-Stafette Frankfurt am Main-München,Schlossplatz - Zirkel - Karl-Friedrich-Straße - Erbprinzenstraße - Amalienstraße - Hirschstraße - Kaiserstraße - Kaiserallee - Rheinhold-Frank-Straße - Kriegsstraße - Wolfartsweierer Straße - Durlacher Allee - Kapellenstraße - Adenauerring - Engesserstraße - Zirkel - Schlossplatz,x,60,
2021-09-02 00:00:00,18:00:00,19:00:00,"Maskenfreier Appell: Unser deutsches Bundesverfassungsgericht muss die Grund- und Menschenrechte, die freiheitliche demokratische Grundordnung und insbesondere die Gesundheit unserer Kinder schützten! ",Bundesverfassungsgericht,,30,
2021-08-07 00:00:00,18:00:00,21:00:00,"Seenotrettung ist
unverhandelbar - Stoppt das Sterben an den Außengrenzen der EU –
Menschenrechte müssen auch für Flüchtlinge gelten - Evakuierung der Lager an
den Außengrenzen der EU – Aufnahme der Flüchtlinge und Bleibeperspektive in
den „Sicheren Hafen“ - Städten wie zB. in Karlsruhe",Platz der Menschenrechte,,50-100,
2021-08-25 00:00:00,16:30:00,20:00:00,Ampeldemo für Tierrechte,Kreuzung Kaiserallee/Rheinhold-Frank-Straße,,10,
2021-09-06 00:00:00,13:30:00,16:00:00,GDL-Streik,Schlossplatz - Marktplatz - Schlossplatz,x,150,
2021-09-03 00:00:00,13:00:00,19:00:00,Öffentlichkeitsaktion zum globalen Klimastreik,Schlossgarten,,20,
2021-08-03 00:00:00,17:00:00,18:15:00,"Stille Mahnwache für Frieden, Demokratie und Menschenrechte",Schlossplatz Durlach,,8,
2021-09-03 00:00:00,16:00:00,20:00:00,"Mahnwache ""Für eine offene und freie Debattenkultur - Verbindung statt Spaltung""",Marktplatz,,10,
2021-08-13 00:00:00,18:00:00,21:00:00,Informationsveranstaltung zur Bundestagswahl mit Vertreter:innen der verschiedenen politischen Jugendorganisationen aus Karlsruhe,Schlosspark Karlsruhe,,100,x
2021-09-17 00:00:00,10:00:00,20:30:00,"Bekanntmachung der Nachhaltigkeitsziele der Bundesregierung und des Landes Baden-Württemberg, der UN-Agenda 2030 und der Umsetzungsverpflichtung der 17 SDGs",Friedrichsplatz,,200,
2021-09-02 00:00:00,18:00:00,19:00:00,"Maskenfreier Appell: Unser deutsches Bundesverfassungsgericht muss die Grund- und Menschenrechte, die freiheitliche demokratische Grundordnung und insbesondere die Gesundheit unserer Kinder schützten!",Bundesverfassungsgericht,,30,
2021-08-22 00:00:00,14:00:00,18:00:00,Zoos sind Gefängnisse für Tiere,"Zoo Karlsruhe, Eingang Hauptbahnhof",,10,
2021-09-13 00:00:00,08:00:00,16:00:00,Überlebende Opfer von Verbrechen und Gewalt fordern ihre Grundrechte ein.,Bundesverfassungsgericht,,20,
2021-09-11 00:00:00,14:00:00,18:00:00,Leder ist ein schmutziges Geschäft ,Kaiserstr. 72 bis 74,,10,
2021-08-28 00:00:00,14:00:00,18:00:00,"Für Tierrechte, gegen Speziesismus",Kaiserstraße 72 bis 74,,10,
2021-09-04 00:00:00,13:00:00,17:00:00,"""Schildergarten"", eine Kunstaktion zum Thema Grundrechte von ""1bis19 - Initiative für Grundrechte und Rechtsstaat e.V."",…",Platz der Grundrechte,,15,
2021-09-06 00:00:00,18:00:00,19:00:00,Montagsdemo gegen Hartz IV und Sozialabbau + Konsequenter Gesundheitsschutz: JA! Abwälzung der Krisenlasten auf die Bevölkerung und Abbau demokratischer Rechte und Freiheiten: NEIN!,Marktplatz,,50,
2021-09-10 00:00:00,16:00:00,20:00:00,Für eine offene und freie Debattenkultur - Verbindung statt Spaltung,Marktplatz ,,10,
2021-09-11 00:00:00,13:00:00,15:00:00,Wahlkampfabschluss-Veranstaltung: Jetzt! Haltung zeigen für eine soziale und solidarische Gesellschaft!,Kirchplatz St. Stephan,,300,
2021-09-26 00:00:00,17:00:00,21:00:00,Bewegungsmeditation für den inneren und äußeren frieden und gegen die Erstarrung der Herzen,Park Alter Friedhof ,,80,
2021-08-05 00:00:00,09:30:00,12:30:00,Streikkundgebung Helios Karlsruhe,Knielinger Allee Ecke Franz-Lust-Straße,,60,
2021-09-10 00:00:00,10:00:00,15:00:00,"Menschenrechte wahren & stärken, Würde schützen - Neustart Drogenpolitik!",Bahnhofsvorplatz - Ettlinger Straße - Marktplatz - Bundesverfassungsgericht - Westliches Najadenwäldchen,x,300,
2021-09-09 00:00:00,18:00:00,19:00:00,Maskenfreier Appell: Unser deutsches Bundesverfassungsgericht muss die weiteren geplanten Veränderungen des Infektionsschutzgesetzes stoppen!,Bundesverfassungsgericht,,40,
2021-08-06 00:00:00,17:30:00,19:30:00,Wir fordern das sofortige Ende aller Pandemiemaßnahmen. Wir verlangen das Ende des indirekten Impfzwangs. Hände weg von unseren Kindern. ,Stephanplatz,,75,
2021-09-25 00:00:00,14:00:00,18:00:00,Politische Kundgebung der AfD,Marktplatz,,350,
2021-09-30 00:00:00,16:00:00,17:00:00,70 Jahre Bundesverfassungsericht- Chor der Grund- und Menschenrechte,Platz vor dem Bundesverfassungsgericht Karlsruhe ,,50,
2021-08-29 00:00:00,17:00:00,21:00:00,Bewegungsmeditation für den inneren und äußeren frieden und gegen die Erstarrung der Herzen,"Park ""Alter Friedhof""",,80,
2021-09-12 00:00:00,17:00:00,21:00:00,Bewegungsmeditation für den inneren und äußeren frieden und gegen die Erstarrung der Herzen,"Park ""Alter Friedhof""",,80,
2021-09-16 00:00:00,18:00:00,19:00:00,"Maskenfreier Appell, BVerfG",Bundesverfassungsgericht,,40,
2021-09-24 00:00:00,17:30:00,20:30:00,"Offenes Treffen Mehr Raum fürs Rad - Critical Mass Fahrradtour - Radfahrer fordern mit ihren Touren im
Rahmen der weltweiten Critical-Mass-Bewegung mehr Rechte für Radfahrer, bessere Infrastruktur und mehr
Platz im öffentlichen Verkehrsraum. Jeden letzten Freitag eines Monats.",Kronenplatz bis Schlossplatz,x,500,
2021-09-13 00:00:00,17:00:00,19:00:00,"Kundgebung mit Siegmar Gabriel, ehem. Vizekanzler","Marktplatz, Stephanplatz oder Friedrichsplatz",,50,
2021-09-19 00:00:00,15:00:00,16:30:00,Kidical Mass - Kinder-Fahrrad-Demo,Beginn/Ende: Friedrichsplatz,x,300,
2021-08-07 00:00:00,16:00:00,18:00:00,Menschenrechtsverletzungen in Syrien,Marktplatz,,50,
2021-09-02 00:00:00,17:30:00,20:30:00,Wohnen ist ein Menschenrecht - Mietendeckel jetzt!,Werderplatz,,100,
2021-09-26 00:00:00,17:00:00,21:00:00,Für eine bessere Zukunft - Kommentar zur Bundestagswahl,Friedrichsplatz,,100,
2021-08-26 00:00:00,19:00:00,22:00:00,Erhaltung unsere Kleingärten,Henriette-Obermüller-Straße 10,,30,
2021-09-21 00:00:00,17:30:00,20:00:00,AfD-Kundgebung,"Platz vor der Begegnungsstätte, Grötzingen",,50,
2021-09-19 00:00:00,15:00:00,19:00:00,Freiheit Religion,Schlossplatz,,15,
2021-08-05 00:00:00,18:00:00,19:00:00,"Maskenfreier Appell: Unser deutsches Bundesverfassungsgericht muss die Grund- und Menschenrechte, insbesondere die Gesundheit unserer Kinder schützten! Dies gelingt nur mit unabhängigen, ehrlichen, freien Richtern und Richterinnen. Was eine ""Notlage von nationaler Tragweite"" darstellt, ist nicht legal definiert. Es fehlen die Mortalitäts- und Morbiditätsangaben. Die grundgesetzeinschränkenden Maßnahmen sind verfassungswidrig und nicht gerechtfertigt.“",Bundesverfassungsgericht,,30,
2021-08-13 00:00:00,18:00:00,20:30:00,Demonstration gegen Weiterbetrieb von RDK7,Schlossplatz - Platz der Grundrechte - Zirkel - Herrenstraße - Kaiserstraße - Waldstraße - Erbprinzenstraße - Lammstraße - Hebelstraße - marktplatz - Karl-Friedrichstraße - Markgrafenstraße - Adlerstraße - Schlossplatz,x,150,
2021-09-17 00:00:00,17:30:00,20:00:00,Wir fordern das sofortige Ende aller Pandemiemaßnahmen. Wir verlangen das Ende des indirekten Impfzwangs. Hände weg von unseren Kindern. ,Stephanplatz,,80,
2021-08-13 00:00:00,09:30:00,17:30:00,Politische Information zu Zielen und Programm der Ökologisch Demokratischen Partei (ÖDP),Marktplatz,,10,
2021-09-22 00:00:00,15:00:00,18:00:00,Wahlkampf der MLPD zur diesjährigen Bundestagswahl,Entenfang,,20,
2021-08-21 00:00:00,11:00:00,12:00:00,Dezentraler Aktionstag der Kampagne #KONRAD_gameover,Bahnhof Karlsruhe,,15,
2021-09-25 00:00:00,13:00:00,18:00:00,Wahlkampfabschlusskundgebung der MLPD zur diesjährigen Bundestagswahl,Kirchplatz St. Stephan,,50,
2021-10-24 00:00:00,17:00:00,21:00:00,Bewegungsmeditation für den inneren und äußeren frieden und gegen die Erstarrung der Herzen,"Park ""Alter Friedhof"" ",,80,
2021-08-13 00:00:00,17:30:00,20:00:00,Wir fordern das sofortige Ende aller Pandemiemaßnahmen. ,Stephanplatz,,80,
2021-08-25 00:00:00,16:00:00,19:00:00,Community Chalking,Marktplatz,,50,
2021-09-20 00:00:00,12:00:00,14:00:00,"Wahlkampfveranstaltung der CDU Karlsruhe-Stadt mit dem ehemaligen Bundestagsabgeordneten Wolfgang
Bosbach",Friedrichsplatz,,100,
2021-08-23 00:00:00,17:30:00,19:30:00,Kundgebung mit Olaf Scholz,Marktplatz,,250,
2021-08-17 00:00:00,18:00:00,,Mahnwache für Afghanistan,Platz der Grundrechte,,100,
2021-08-19 00:00:00,18:00:00,19:00:00,"Maskenfreier Appell: Unser deutsches Bundesverfassungsgericht muss die Grund- und Menschenrechte, die freiheitliche demokratische Grundordnung und insbesondere die Gesundheit unserer Kinder schützen! ",Bundesverfassungsgericht,,30,
2021-09-04 00:00:00,10:00:00,16:00:00,Greenpeace Amazonas-GAT,Friedrichsplatz,,6,
2021-08-20 00:00:00,17:30:00,21:00:00,Luftbrücke nach Afghanistan jetzt! Seebrücke Karlsruhe,Marktplatz-Karl-Friedrich-StraßeErbprinzenstraße-Ludwigsplatz-Waldstraße-Kaiserstraße,x,200,
2021-08-20 00:00:00,17:30:00,20:00:00,Wir fordern das sofortige Ende aller Pandemiemaßnahmen. ,Stephanplatz,,80,
2021-08-21 00:00:00,18:45:00,20:15:00,Wahlkampfveranstaltung CDU mit Jens Spahn,Gaststätte TAWA YAMA,,300,
2021-09-18 00:00:00,12:00:00,22:00:00,World Peace,Willy-Brand-Allee ,,1500,
2021-08-26 00:00:00,18:00:00,19:00:00,"Maskenfreier Appell: Unser deutsches Bundesverfassungsgericht muss die Grund- und Menschenrechte, die freiheitliche demokratische Grundordnung und insbesondere die Gesundheit unserer Kinder schützen! ",Bundesverfassungsgericht,,30,
2021-09-10 00:00:00,18:00:00,21:00:00,"Informationsveranstaltung zur Bundestagswahl von den Jusos, Julis, Grüne Jugend Solids und JU aus Karlsruhe",Schlosspark Karlsruhe,,100,
2021-09-18 00:00:00,12:00:00,16:00:00,World Cleanup Day / Müllsammelaktion,Günther-Klotz-Anlage,,15,
2021-09-07 00:00:00,17:00:00,18:15:00,"Stille Mahnwache für Frieden, Demokratie und Menschenrechte",Schlossplatz Durlach,,10,
2021-08-28 00:00:00,11:00:00,12:30:00,Politikpicknick der grünen Direktkandidatin Zoe Mayer mit der stellv. Bundesvorsitzenden Ricarda Lang,Schlossplatz,,25,
2021-09-28 00:00:00,17:00:00,19:00:00,Safe Abortion Day,Friedrichsplatz - Ludwigsplatz - Waldstraße - Kaiserstraße - Friedrichsplatz,x,100,
2021-08-24 00:00:00,14:00:00,15:30:00,GDL Streik,Schlossplatz - Platz der Grundrechte - Marktplatz - Platz der Grundrechte - Schlossplatz,x,50,
2021-09-03 00:00:00,16:00:00,20:00:00,Städtischer Austausch/Demokratie,Marktplatz,,80,
2021-08-29 00:00:00,15:00:00,19:00:00,Freiheit Religion,Schlossplatz,,15,
2021-09-09 00:00:00,17:30:00,21:00:00,Kein Platz für Menschenrechte in Durlach,Platz vor der Karlsburg - Pfinztalstraße - Haltestelle Dr. Wilmar Schwabe,x,300,
2021-08-27 00:00:00,18:00:00,20:00:00,Critical Mass Fahrradtour,"Kronenplatz - Kronenstraße -Rüppurrer Straße - Mittelbruchstraße - Fautenbruchstraße - Ettlinger Allee - Nürnberger
Straße - Belchenstraße - Im Weiherwald - Wilhelm-Leuschner-Straße - Otto-Wels-Straße - Pulverhausstraße -
Litzenhardtstraße - Wartburgstraße - Welfenstraße - Frankenstraße - Südendstraße - Brauerstraße - Reinhold-Frank-
Straße - Amalienstraße - Erbprinzenstraße - Markgrafenstraße - Kronenplatz",x,400,
2021-09-25 00:00:00,14:00:00,20:00:00,Kein Platz für rechte Hetze,Marktplatz,,350,
2021-09-17 00:00:00,17:30:00,20:00:00,Ende aller Pandemiemaßnahmen,Stephanplatz,,80,
2021-09-22 00:00:00,10:30:00,13:00:00,Das Demokratieverständnis der Grünen ,Marktplatz,,4,
2021-09-22 00:00:00,17:00:00,21:00:00,Kunstaktion zum Thema Seenotrettung im Rahmen der Aktionswoche der Lavigerie vor der Kirche St. Stephan,Kirchplatz St. Stephan,,75,
2021-10-16 00:00:00,18:00:00,21:00:00,Massenimpfungen und Anti-Restriktionen Covid-19,Marktplatz,,50,x
2021-09-21 00:00:00,18:30:00,21:30:00,Grötzingen für Toleranz und Vielfalt,Niddaplatz Grötzingen,,150,
2021-09-26 00:00:00,15:00:00,19:00:00,Freiheit Religion,Schlossplatz,,15,
2021-10-09 00:00:00,11:30:00,13:30:00,no lager nowhere - Bezahlbarer Wohnraum für alle- Menschenwürdige Unterbringung von Menschen auf der Flucht ,Felsstraße ,,15,
2021-10-09 00:00:00,13:30:00,17:30:00,no lager nowhere - Bezahlbarer Wohnraum für alle- Menschenwürdige Unterbringung von Menschen auf der Flucht ,Kirchplatz St. Stephan,,200,
2021-09-23 00:00:00,18:00:00,19:30:00,"Maskenfreie Feststellung: Unser deutsches Bundesverfassungsgericht hat viel zu lange gebraucht um festzustellen, dass die Maßnahmen zur Bekämpfung der pandemischen Lage, die gar nicht besteht, grundgesetzwidrig ist! """,Schlossbezirk ,,45,
2021-10-02 00:00:00,11:00:00,12:00:00,70 Jahre Bundesverfassungsgericht- Chor der Grund- und Menschenrechte,Marktplatz ,,50,
2021-10-20 00:00:00,16:30:00,20:00:00,Ampeldemo für Tierrechte,Kreuzung Kaiserallee/Rheinhold-Frank-Straße,,10,
2021-10-17 00:00:00,14:00:00,18:00:00,Zoos sind Gefängnisse für Tiere,Eingang am Hauptbahnhof,,10,
2021-10-30 00:00:00,14:00:00,18:00:00,Aktion für Tierrechte,Marktplatz,,10,
2021-10-01 00:00:00,16:00:00,22:00:00,Feministische Mahnwache,Kronenplatz,,15,
2021-09-30 00:00:00,18:00:00,19:30:00,"Maskenfreie Feststellung: Unser deutsches Bundesverfassungsgericht hat viel zu lange gebraucht um festzustellen, dass die Maßnahmen zur Bekämpfung der pandemischen Lage, die gar nicht besteht, grundgesetzwidrig ist! """,Schlossbezirk ,,45,
2021-10-01 00:00:00,18:00:00,21:20:00,Free Ella,Kirchplatz St. Stephan,,15,
2021-10-01 00:00:00,17:30:00,20:00:00,Ende der Pandemiemaßnahmen,Stephanplatz ,x,100,
2021-10-03 00:00:00,14:00:00,18:00:00,Glaube und Freiheit,Friedrichsplatz,,25,x
2021-10-05 00:00:00,17:00:00,18:15:00,"Stille Mahnwache für Frieden, Demokratie und Menschenrechte",Schlossplatz Durlach ,,8,
2021-09-30 00:00:00,13:00:00,16:30:00,Catcalls of Karlsruhe kreiden an,Marktplatz,,2,
2021-10-04 00:00:00,18:00:00,19:00:00,Montagsdemo gegen Hartz IV und Sozialabbau,Marktplatz,,50,
2021-10-14 00:00:00,12:30:00,13:30:00,Aktion zur Tarifrunde Öffentliche Banken,Platz der Grundrechte,,40,
2021-10-09 00:00:00,11:00:00,16:00:00,"Wald, Waldschutz, heimische Wälder schützen",Ludwigsplatz ,,8,
2021-11-25 00:00:00,17:00:00,21:00:00,Tag an Gewalt gegen Frauen,Stephanplatz ,,200,
2021-10-08 00:00:00,17:30:00,20:00:00,Ende aller Pandemiemaßnahmen,Stephanplatz,x,100,
2021-10-07 00:00:00,18:00:00,19:00:00,Maskenfreie Feststellung ,Bundesverfassungsgericht,,45,
2021-10-13 00:00:00,16:00:00,18:00:00,Solidarität mit den Streikenden Kolleg*innen der Vivantes-Kliniken in Berlin,Marktplatz,,8,x
2021-10-11 00:00:00,16:30:00,18:30:00,Catcalls of Karlsruhe kreiden an,"Durlacher Tor, Marktplatz, Europaplatz",,2,
2021-11-25 00:00:00,16:00:00,20:00:00,Informationen über den Tag gegen Gewalt an Frauen,Platz der Grundrechte,,6,
2021-10-29 00:00:00,18:00:00,20:00:00,Critical Mass Fahrradtour,"Kronenplatz - Waldhornstraße - Fasanenstraße- Kaiserstraße-Durlacher Allee-Am Großmarkt-Gerwigstraße-Ostring-Wolfartsweierer Straße-Rüppurrer Straße-Baumeisterstraße-Ettlinger-Straße-Am Stadtgarten-Bahnhofplatz-Welfenstraße-Karlsstraße-Kriegsstraße-Ritterstraße-Erbprinzenstraße-Rondellplatz-Karl-Friedrich-Straße-Marktplatz 
",x,200,
2021-10-22 00:00:00,15:00:00,16:00:00,Gedenkgang zur Erinnerung an die Deportation der Durlacher Juden am 22.10.1940,Schlossplatz-Pfinztalstraße-Marktplatz-Bahnhof,,80,
2021-10-14 00:00:00,18:00:00,19:30:00,"""Maskenfreie Feststellung: Unser deutsches Bundesverfassungsgericht hätte, wie der Verwaltungsgerichthof in München, früher entscheiden können, dass die Maßnahmen der Bundesregierung nicht verhältnismäßig sind"".",Schlossbezirk ,,45,
2021-10-15 00:00:00,13:00:00,19:00:00,Öffentlichkeitsaktion zum globalen Klimastreik,Nördliche Schlossseite,,15,
2021-10-23 00:00:00,13:00:00,15:00:00,Weltfrieden durch inneren Frieden,Marktplatz,,24,
2021-11-09 00:00:00,09:00:00,17:00:00,Antisemitismus in der Vergangenheit und in der Gegenwart,Kronenstraße,,250,
2021-10-22 00:00:00,17:30:00,20:00:00,Wir fordern das sofortige Ende aller Pandemiemaßnahmen. Wir verlangen das Ende des indirekten Impfzwangs. Hände weg von unseren Kindern. ,Marktplatz,,100,
2021-11-09 00:00:00,17:00:00,18:00:00,Gedenken an die Reichspogromnacht,Kronenstraße,,50,
2021-10-24 00:00:00,15:00:00,18:00:00,Freiheit Religion,Schlossplatz, ,15,
2021-10-21 00:00:00,18:00:00,19:00:00,"Maskenfreie Feststellung:Unser deutsches Bundesverfassungsgericht sieht Not und Elend der Kinder nicht. Die Jüngsten leiden am meisten unter Absprache von Exekutive, Legislative und Judikative. Wir fordern den ""Freedom Day"". ",Bundesverfassungsgericht,,45,
2021-10-22 00:00:00,11:00:00,15:00:00,Globaler Klimastreik von Fridays for Future,Marktplatz ,,1000,
2021-10-30 00:00:00,12:00:00,18:00:00,Alle Dörfer bleiben- Lützerath erhalten,Friedrichsplatz,,20,
2021-10-30 00:00:00,11:00:00,13:00:00,Protest vor dem Hauptbahnhof Karlsruhe gegen Aktivitäten der Deutschen Bahn in Mexico unter Missachtung der Regeln der Vereinten Nationen (ILO 169),Eingang am Hauptbahnhof,,4,
2021-10-30 00:00:00,16:00:00,,,Marktplatz,,20,x
2021-10-27 00:00:00,14:00:00,15:00:00,Atomwaffenverbot für die BRD und der Beitritt zum Atomwaffenverbotsvertrag sollen in die Koalitionsverhandlungen aufgenommen werden,Sophienstraße 85,,10,
2021-11-20 00:00:00,10:00:00,18:00:00,Falun Dafa und die Verfolgung durch die Kommunistische Partei Chinas,Platz der Grundrechte,,8,
2021-10-28 00:00:00,18:00:00,19:00:00,"Maskenfreie Feststellung: Unser deutsches Bundesverfassungsgericht sieht Not und Elend der Kinder nicht. Die Jüngsten leiden am meisten unter der Absprache von Exekutive, Legislative und Judikative. Wir fordern den ""Freedom Day"" - insbesondere für die Schwächsten unserer Gesellschaft ",Bundesverfassungsgericht,,45,
2021-11-05 00:00:00,17:30:00,20:00:00,Wir fordern das sofortige Ende aller Pandemiemaßnahmen. Wir verlangen das Ende des indirekten Impfzwangs. Hände weg von unseren Kindern. ,Marktplatz,,100,
2021-11-13 00:00:00,16:00:00,19:00:00,Jesus Christus und Buße,Friedrichsplatz,,20,x
2021-11-20 00:00:00,11:00:00,17:00:00,Make Something Week - gegen weltweiten Überkonsum und Ressourcenverwendung ,Kronenplatz,,30,
2021-11-22 00:00:00,10:00:00,11:30:00,Tarifrunde öffentlicher Dienst der Länder ,Beginn: Mendelsohnplatz/Ende:Friedrichsplatz,,400,
2021-11-15 00:00:00,09:00:00,10:00:00,Streikkundgebung im Rahmen der Tarifrunde Öffentliche Banken,Platz der Grundrechte,,40,
2021-11-04 00:00:00,18:00:00,19:00:00,"Maskenfreie Feststellung: Unser deutsches Bundesverfassungsgericht sieht Not und Elend der Kinder nicht. Die Jüngsten leiden am meisten unter der Absprache von Exekutive, Legislative und Judikative. Wir fordern den ""Freedom Day"" - insbesondere für die Schwächsten unserer Gesellschaft.""",Schlossbezirk ,,45,
2021-11-06 00:00:00,10:30:00,15:30:00,Verbrennerausstieg bei VW ,Friedrichsplatz,,5,
2021-11-25 00:00:00,16:00:00,18:00:00,Internationaler Tag gegen Gewalt an Frauen,Ludwigsplatz,,12,
2021-11-27 00:00:00,14:00:00,18:00:00,Grundgesetz-Liebhaber oder Zeugen Coronas?,Kronenplatz ,,300,
2021-11-13 00:00:00,16:00:00,20:00:00,Bewegungsmeditation für den inneren und äußeren frieden und gegen die Erstarrung der Herzen,"Park ""Alter Friedhof""",,80,
2021-11-08 00:00:00,18:00:00,19:00:00,Montagsdemo gegen Hartz IV und Sozialabbau,Marktplatz ,,50,
2021-11-11 00:00:00,18:00:00,19:00:00,"Maskenfreie Feststellung: Unser deutsches Bundesverfassungsgericht sieht Not und Elend der Kinder nicht. Die Jüngsten leiden am meisten unter Absprache von Exekutive, Legislative und Judikative. Wir fordern das Ende der ""Bundesnotbremse""-Maßnahmen für alle, ungeachtet dessen ob geimpft, genesen oder getestet sind - insbesondere für die Schwächsten unserer Gesellschaft""",Schlossbezirk ,,48,
2021-11-25 00:00:00,17:00:00,19:00:00,Internationaler Aktionstag gegen Gewalt gegen Frauen,Waldstraße/Kaiserstr.,,50,
2021-11-20 00:00:00,14:00:00,18:00:00,Daunen ist grausam,Kaiserstraße/ Ecke Lammstraße,,10,
2021-11-19 00:00:00,17:30:00,20:00:00,Wir fordern das Ende aller Pandemiemaßnahmen. Wir verlangen das Ende des indirekten Impfzwangs. Hände weg von unseren Kindern. ,Stephanplatz,,100,
2021-12-12 00:00:00,16:00:00,20:00:00,Bewegungsmeditation für den inneren und äußeren frieden und gegen die Erstarrung der Herzen,Park Alter Friedhof,,80,
2021-11-17 00:00:00,08:30:00,11:00:00,Tarifrunde der Länder ,KIT Gelände,,100,
2021-12-03 00:00:00,17:30:00,20:00:00,Ende der Pandemiemaßnahmen,Stephanplatz,,100,
2021-11-18 00:00:00,18:00:00,19:00:00,"Maskenfreie Feststellung: Am 18.11.2020 setzte Bundespräsident Frank-Walter Steinmeier seine Unterschrift unter die vom Bundestag und Bundesrat kurz zuvor abgestimmten Änderungen am Infektionsschutzgesetz, welche die Grundrechte gemäß dem Grundgesetz verfassungswidrig einschränken. Seit damals gingen beim Bundesverfassungsgericht, unter der Präsidentschaft von Stephan Harbarth, hunderte von EIL-Anträgen ein. "" ",Schlossbezirk ,,47,
2021-12-02 00:00:00,07:30:00,10:00:00,VBL: Kohleinvestitionen sofort stoppen! ,Hans-Thoma-Str. 19,,30,
2021-12-04 00:00:00,12:00:00,15:00:00,Eine solidarische Stadt für Alle,Kronenplatz ,,250,
2021-11-20 00:00:00,16:00:00,18:00:00,Catcalls of Karlsruhe kreiden an,"Marienstraße 16, Bürgerstraße 14, Europaplatz",,2,
2021-11-25 00:00:00,18:00:00,23:00:00,Mahnwache bezüglich des Tag internationalen Tags gegen Gewalt an Frauen,Karl-Friedrich-Straße,,5,
2021-11-25 00:00:00,15:00:00,16:30:00,Catcalls of Karlsruhe kreiden an,Marktplatz/Europaplatz ,,3,
2021-12-10 00:00:00,18:00:00,19:00:00,Mahnwache zum Tag der Menschenrechte,Erbprinzenstraße/vor der Kirche St. Stephan,,30,
2021-11-26 00:00:00,16:30:00,19:10:00,Tierrechte (Bekleidung),Kaiserstraße (vor Modehaus Schöpf),,20,
2021-11-26 00:00:00,17:30:00,19:00:00,Black Friday - Ein Tag des Grauens,Stephansplatz-Europaplatz-Kaiserstraße-Marktplatz-Rondellplatz-Friedrichsplatz,x,24,
2021-12-07 00:00:00,17:00:00,18:15:00,"Stille Mahnwache für Frieden, Demokratie und Menschenrechte",Schlossplatz Durlach,,8,
2021-11-25 00:00:00,18:00:00,19:00:00,Maskenfreie Feststellung,Schlossbezirk ,,47,
2021-12-02 00:00:00,09:00:00,11:00:00,Kein Schlussstrich - NSU-Komplex auflösen!,vor dem Bundesgerichtshof - Amalienstraße,,30,
2021-12-11 00:00:00,10:00:00,18:00:00,Falun Dafa und die Verfolgung durch die Kommunistische Partei Chinas,Platz der Grundrechte,,8,
2021-12-11 00:00:00,14:00:00,17:00:00,Tiere sind keine Geschenke,Karl-Friedrich-Straße (zwischen Kaiserstraße und Zirkel),,10,
2021-12-02 00:00:00,18:00:00,19:00:00,"Masken-freie Feststellung: Am 18.11.2020 setzte Bundespräsident Frank-Walter Steinmeier seine Unterschrift unter die vom Bundestag und Bundesrat kurz zuvor abgestimmten Änderungen am Infektionsschutzgesetz. Mit der 2G-Reglung steigt der Druck auf Kinder und Jugendliche, sich eine Substanz (Impf-Dosis) mit hohen Nebenwirkungen, bis hin zum Todesfall, injizieren zu lassen noch mehr. Es ist die Pflicht aller, die Kinder zu schützen!",Schlossbezirk ,,47,
2021-12-04 00:00:00,17:00:00,20:00:00,Freiheit-Religion,Karl-Friedrich-Straße (zwischen Kaiserstraße und Zirkel),,5,
2021-12-06 00:00:00,18:00:00,19:00:00,Montagsdemo gegen Hartz IV und Sozialabbau,Karl-Friedrich-Straße,,50,
2021-12-18 00:00:00,16:00:00,21:00:00,Grünes Licht für Aufnahme - Seebrücke ,Marktplatz,,200,
2021-12-11 00:00:00,12:00:00,14:00:00,Bildung in Bewegung - Schule und Bildung - neu denken?,Marktplatz,,10,
2021-12-18 00:00:00,14:00:00,17:30:00,"Bürgerbewegung Karlsruhe steht auf, Gegen die Impfpflicht der Pflegekräfte und der Allgemeinheit ","Vorplatz ZKM, Brauerstraße, Reinhold-Frank-Str., Kaiserstraße, Marktplatz, Kriegsstraße, ZKM",x,350,
2021-12-09 00:00:00,18:00:00,19:00:00,Maskenfreie Feststellung,Schlossbezirk ,,47,
2021-12-17 00:00:00,17:30:00,20:00:00,Wir fordern das Ende aller Coronamaßnahmen. Wir fordern das sofortige des indirekten Impfzwangs. ,Stephanplatz,,200,
2021-12-26 00:00:00,16:00:00,20:00:00,Bewegungsmeditation für den inneren und äußeren frieden und gegen die Erstarrung der Herzen,"Park ""Alter Friedhof""",,80,
2021-12-13 00:00:00,18:00:00,19:04:00,Versammlungen gegen Corona-Maßnahmen,Innenstadt,,100,
2021-12-16 00:00:00,18:00:00,19:00:00,"Maskenfreie Feststellung: Seit Einführung des sogennannten ""2G-Optionsmodells"" wurden auch die Werbe-Maßnahmen für ""Impf-Aktionen"" verstärkt. ",Schlossbezirk ,,47,
2021-12-20 00:00:00,18:00:00,19:00:00,"Frieden Demokratie Impffreiheit, Hände weg von den Kindern",Marktplatz,,100,
2021-12-25 00:00:00,10:00:00,12:00:00,Maskenfreie Feststellung,Stephanplatz ,x,100,
