Nr.,Anmeldedat.,Thema,Datum,Zeit,"Ort, Aufzugsweg",TN-Zahl
1,2016-05-23,Empty the tanks worldwide,2017-05-13 00:00:00,10:00-15:00,DU-Duissern; Mühlheimer Straße 273 ,50
2,2016-11-05,Kundgebung für ein weltoffenes und solidarisches Duisburg,2017-01-02 00:00:00,16:00-21:00,DU-Stadtmitte; Portsmouthplatz,150
3,2016-11-05,Kundgebung für ein weltoffenes und solidarisches Duisburg,2017-01-09 00:00:00,16:00-21:00,DU-Stadtmitte; Portsmouthplatz,150
4,2016-11-05,Kundgebung für ein weltoffenes und solidarisches Duisburg,2017-01-16 00:00:00,16:00-21:00,DU-Stadtmitte; Portsmouthplatz,150
5,2016-11-05,Kundgebung für ein weltoffenes und solidarisches Duisburg,2017-01-23 00:00:00,16:00-21:00,DU-Stadtmitte; Portsmouthplatz,150
6,2016-11-05,Kundgebung für ein weltoffenes und solidarisches Duisburg,2017-01-30 00:00:00,16:00-21:00,DU-Stadtmitte; Portsmouthplatz,150
7,2016-12-07,Was kosten Flüchtlinge wirklich?,2017-01-09 00:00:00,17:30-18:30,DU-Stadtmitte; Königstraße (Lifesaver),40-50
8,2016-12-07,Gewalt gegen Frauen,2017-01-16 00:00:00,17:30-18:30,DU-Stadtmitte; Königstraße (Lifesaver),40-50
9,2016-12-07,Die Aufstocker und der Mindestlohn,2017-01-23 00:00:00,17:30-18:30,DU-Stadtmitte; Königstraße (Lifesaver),40-50
10,2016-12-07,Ist Bio wirklich besser für Mensch und Natur?,2017-01-30 00:00:00,17:30-18:30,DU-Stadtmitte; Königstraße (Lifesaver),40-50
11,2016-12-13,No Duigida - gegen den PEGIDA-Aufmarsch,2017-01-09 00:00:00,18:30-21:30,DU-Stadtmitte; Portsmouthplatz,50-70
12,2016-12-13,No Duigida - gegen den PEGIDA-Aufmarsch,2017-02-06 00:00:00,18:30-21:30,DU-Stadtmitte; Portsmouthplatz,50-70
13,2016-12-16,One Billion Rising for Justice 2017,2017-02-14 00:00:00,14:30 - 16:00,DU Innenstadt vor dem Forum,500
14,2017-01-02,Friedensmarsch für den Nahen Osten,2017-01-05 00:00:00,18:00-20:30,DU-Stadtmitte; Portsmouthplatz - Königstraße - Burgplatz - Heerstraße - Blücherstraße,200
15,2017-01-03,Patriotische Europäer gegen die Islamisierung des Abendlandes,2017-01-09 00:00:00,19:00-22:00,DU-Stadtmitte; Portsmouthplatz - Mercatorstraße - Wittekindstraße - Fürstenstraße - Hohestraße - Güntherstraße - Hohestraße - Gallenkampstraße - Portsmouthplatz,150-500
16,2017-01-03,Patriotische Europäer gegen die Islamisierung des Abendlandes,2017-02-06 00:00:00,19:00-22:00,DU-Stadtmitte; Portsmouthplatz - Mercatorstraße - Wittekindstraße - Fürstenstraße - Hohestraße - Güntherstraße - Hohestraße - Gallenkampstraße - Portsmouthplatz,150-500
17,2017-01-03,Patriotische Europäer gegen die Islamisierung des Abendlandes,2017-03-06 00:00:00,19:00-22:00,DU-Stadtmitte; Portsmouthplatz - Mercatorstraße - Wittekindstraße - Fürstenstraße - Hohestraße - Güntherstraße - Hohestraße - Gallenkampstraße - Portsmouthplatz,150-500
18,2017-01-03,Patriotische Europäer gegen die Islamisierung des Abendlandes,2017-04-03 00:00:00,19:00-22:00,DU-Stadtmitte; Portsmouthplatz - Mercatorstraße - Wittekindstraße - Fürstenstraße - Hohestraße - Güntherstraße - Hohestraße - Gallenkampstraße - Portsmouthplatz,150-500
19,2017-01-09,Protestaktion gegen Isolationshaft von Herrn Öcalan,2017-01-14 00:00:00,14:00-17:00,DU-Stadtmitte; Portsmouthplatz,300
20,2017-01-09,"Wir fordern Gerechtigkeit für die in Paris ermorderten drei kurdischen Frauen Sakine Cansiz, Fidan Dogan und Leyla Saylemez",2017-01-14 00:00:00,16:00-17:00,DU-Stadtmitte; Portsmouthplatz,60-70
21,2017-01-17,"Gedenken an ein Mobbingopfer, das sich das Leben nahm; Zeichensetzung gegen Mobbing und Hetze",2017-02-25 00:00:00,17:00-20:00,DU-Stadtmitte; Forum Duisburg - Königstraße - Sonnenwall - Wallstraße - Salvatorweg - Düsseldorfer Straße - Königstraße - Forum Duisburg,20-50
22,2017-01-20,Tarifrunde öffentlicher Dienst 2017,2017-01-30 00:00:00,11:45-12:45,DU-Stadtmitte; Schifferstraße 52 (Eingangsbereich LZPD),50-100
23,2017-01-23,"Gegen Personalkosteneinsparungen bei der Stadt Duisburg; Sitzung Personal- u. Verwaltungsausschuss des Rates der Stadt; ""Wir wehren uns""",2017-02-14 00:00:00,13:00-15:00,Du-Stadtmitte; Burgplatz,20-30
24,2014-01-23,Gegen den Staatsterror in der Türkei und für die Freiheit von Abdullah Öcalan,02.02.2017-03.02.2017,-,DU-Marxloh; Kaiser-Wilhelm-Straße/Schwartzkopffstraße - Friedrich-Ebert-Straße - Fabrikstraße - Dr.-Hammacher-Straße - Ruhrorter Straße - Plessingstraße - Musfeldstraße - Gitschiner Straße - Eigenstraße - Wanheimer Straße - Forststraße - Kaiserswerther Straße - Duisburger Landstraße - Arnheimer Straße -Niederrheinstraße - Freiligrathplatz . Fischerstraße - Kaiserstraße - Jägerhofstraße - Bleichstraße - Wagnerstraße - Liesegangstraße - Kreuzstraße - Immermannstraße - Oststraße - Friedrich-Ebert-Straße ,ca. 60
25,2017-01-26,Karneval-Tanzdemo für kulturelle Vielfalt. Wir wollen eine Ergänzung zum karnevalistischen Kulturangebot in Duisburg sein und für eine offene Gesellschaft mit Freiräumen demonstrieren,2017-02-25 00:00:00,17:00-21:00,DU-Stadtmitte; Friedensstraße 15-17 - Düsseldorfer Straße - Friedrich-Wilhelm-Straße-Mercatorstraße - Landfermannstraße - Mülheimer Straße - Castanjens Garten,300
26,2017-01-29,Protest gegen Pegida NRW,2017-03-06 00:00:00,,DU-Stadtmitte; Portsmouthplatz - Landfermannstraße - Theaterplatz - Königstraße - Claubergstraße - Friedrich-Wilhelm-Straße - Tonhallenstraße - Wittekindstraße - Koloniestraße/Mercatorstraße,100
27,2016-11-07,Kundgebung für ein weltoffenes und solidarisches Duisburg,2017-02-06 00:00:00,16:00-21:00,DU-Stadtmitte; Portsmouthplatz,150
28,2016-11-07,Kundgebung für ein weltoffenes und solidarisches Duisburg,2017-02-13 00:00:00,16:00-21:00,DU-Stadtmitte; Portsmouthplatz,150
29,2016-11-07,Kundgebung für ein weltoffenes und solidarisches Duisburg,2017-02-20 00:00:00,16:00-21:00,DU-Stadtmitte; Portsmouthplatz,150
30,2016-11-07,Kundgebung für ein weltoffenes und solidarisches Duisburg,2017-02-27 00:00:00,16:00-21:00,DU-Stadtmitte; Portsmouthplatz,150
31,2017-01-31,Fosterplan statt Outlet - bewahrt unsere Innenstadt,2017-02-01 00:00:00,14:30-15:30,DU-Stadtmitte; Burgplatz,10
32,2017-02-03,Designer Outlet Center in Duisburg,2017-02-06 00:00:00,17:30-18:30,DU-Stadtmitte; Lifesaver,50-100
33,2017-02-05,Infostand für politische Gefangene,2017-02-11 00:00:00,10:00-13:00,Duisburg-Hamborn; Am Altmarkt,15
34,2017-02-05,Infostand für politische Gefangene,2017-02-11 00:00:00,17:00-19:00,DU-Stadtmitte; König-Heinrich-Platz,15
35,2017-02-09,Kindesmißbrauch bei Zeugen Jehovas,2017-02-12 00:00:00,09:00-09:30,DU-Hamborn; Boschstraße 16,2
36,2017-02-09,Kindesmißbrauch bei Zeugen Jehovas,2017-02-19 00:00:00,09:00-09:30,DU-Hamborn; Boschstraße 16,2
37,2017-02-09,Frauentag,2017-03-08 00:00:00,17:00-18:30,DU-Stadtmitte; Portsmouthplatz - Königstraße - Münzstraße - Schwanentor - Duisburgerstraße - Scharnhorststraße,15
38,2017-02-10,Entwicklung der Stahlindustrie,2017-02-13 00:00:00,17:30-18:30,DU-Stadtmitte; Lifesaver,50-100
39,2017-02-10,Baumfällung in Duisburg,2017-02-20 00:00:00,17:30-18:30,DU-Stadtmitte; Lifesaver,50-100
40,2017-02-13,Wir verurteilen den internationalen Komplott des 15.02.1999. Freiheit für Öcalan,2017-02-15 00:00:00,17:00-19:00,DU-Stadtmitte; Portsmouthplatz - Duisburg Rathaus,100-150
41,2017-02-14,"Global Marijuana March, Legalisierung macht Sinn",2017-05-06 00:00:00,14:00-20:00,DU-Stadtmitte; Averdunkplatz - Königstraße - Lifesaver - Königstraße - Sonnenwall - Friedrich-Wilhelm-Platz - Steinsche Gasse - Münzstraße - Calaisplatz - Schwanenstraße - Steinsche Gasse - Burgplatz,250
42,2017-02-20,"Hinrichtung, Folter und Zerstörung im Dorf Xerebe-Bava bei Stadt Nusaybin",2017-02-22 00:00:00,17:00-19:00,DU-Stadtmitte; Portsmouthplatz- Friedrich-Wilhelm-Straße - Friedrich-Wilhelm-Platz - Steinsche Gasse - Poststraße - Burgplatz,150
43,2017-02-20,Frieden,2017-02-22 00:00:00,16:00-19:00,"DU-Stadtmitte, Ecke Königstraße / König-Heinrich-Platz",2-10
44,2017-02-17,Ivana Hoffmann,2017-03-07 00:00:00,12:00-19:00,DU-Stadtmitte; König-Heinrich-Platz,10-20
45,2017-11-05,Kundgebung für ein weltoffenes und solidarisches Duisburg,2017-03-06 00:00:00,16:00-21:00,DU-Stadtmitte; Portsmouthplatz,150
46,2017-11-05,Kundgebung für ein weltoffenes und solidarisches Duisburg,2017-03-13 00:00:00,16:00-21:00,DU-Stadtmitte; Portsmouthplatz,150
47,2017-11-05,Kundgebung für ein weltoffenes und solidarisches Duisburg,2017-03-20 00:00:00,16:00-21:00,DU-Stadtmitte; Portsmouthplatz,150
48,2017-11-05,Kundgebung für ein weltoffenes und solidarisches Duisburg,2017-03-27 00:00:00,16:00-21:00,DU-Stadtmitte; Portsmouthplatz,150
49,2017-03-03,Warnstreick Tarifrunde in der Eisen- und Stahlindustrie,2017-03-07 00:00:00,13:30-12:00,DU-Bruckhausen; Kaiser-Wilhelm-Straße 100,3.500-4000
50,2017-03-02,No Duigida - gegen den Pegida-Aufmarsch,2017-03-06 00:00:00,18:30-21:30,DU-Stadtmitte; Portsmouthplatz,50-70
51,2017-03-02,No Duigida - gegen den Pegida-Aufmarsch,2017-04-03 00:00:00,18:30-21:30,DU-Stadtmitte; Portsmouthplatz,50-70
52,2017-03-03,Warnstreick Tarifrunde in der Eisen- und Stahlindustrie,2017-03-08 00:00:00,05:00-09:00,DU-Bruckhausen; Kaiser-Wilhelm-Straße 100,500-600
53,2017-03-03,Weltfrauentag,2017-03-06 00:00:00,17:30-18:30,DU-Stadtmitte; Königstraße,40-50
54,2017-03-05,Jahrestag Fukushima,2017-03-13 00:00:00,17:30-18:30,DU-Stadtmitte; Königstraße,40-50
55,2017-03-05,Die Wirklichkeit des Hartz IV Systems,2017-03-20 00:00:00,17:30-18:30,DU-Stadtmitte; Königstraße,40-50
56,2017-03-05,Tag gegen Rassismus,2017-03-27 00:00:00,17:30-18:30,DU-Stadtmitte; Königstraße,40-50
57,2017-03-06,Internationaler Frauentag 2017,2017-03-11 00:00:00,12:00-14:00,DU-Stadtmitte; Kuhtor - Königstraße - Tonhallenstraße - Friedrich-Wilhelm-Straße - Steinsche Gasse - Kuhstraße - Kuhtor,100-150
58,2017-03-09,Warnstreick Tarifrunde in der Eisen- und Stahlindustrie,2017-03-16 00:00:00,10:30-12:00,DU-Hüttenheim; HKM Tor 2 - Ehringer Straße - Schulz-Knaudt-Straße,1.000
59,2017-03-17,Newroz-Fest,2017-03-20 00:00:00,17:00-20:00,DU-Marxloh; August-Bebel-Platz,100
60,2017-03-17,Patriotische Europäer gegen die Islamisierung des Abendlandes,2017-04-03 00:00:00,19:00-22:00,DU-Stadtmitte; Portsmouthplatz - Mercatorstraße - Wittekindstraße - Fürstenstraße - Hohestraße - Güntherstraße - Hohestraße - Gallenkampstraße - Portsmouthplatz,150-500
61,2017-03-17,Patriotische Europäer gegen die Islamisierung des Abendlandes,2017-05-08 00:00:00,19:00-22:00,DU-Stadtmitte; Portsmouthplatz - Mercatorstraße - Wittekindstraße - Fürstenstraße - Hohestraße - Güntherstraße - Hohestraße - Gallenkampstraße - Portsmouthplatz,150-500
62,2017-03-17,Patriotische Europäer gegen die Islamisierung des Abendlandes,2017-06-05 00:00:00,19:00-22:00,DU-Stadtmitte; Portsmouthplatz - Mercatorstraße - Wittekindstraße - Fürstenstraße - Hohestraße - Güntherstraße - Hohestraße - Gallenkampstraße - Portsmouthplatz,150-500
63,2017-03-17,Patriotische Europäer gegen die Islamisierung des Abendlandes,2017-07-03 00:00:00,19:00-22:00,DU-Stadtmitte; Portsmouthplatz - Mercatorstraße - Wittekindstraße - Fürstenstraße - Hohestraße - Güntherstraße - Hohestraße - Gallenkampstraße - Portsmouthplatz,150-500
64,2017-03-17,Patriotische Europäer gegen die Islamisierung des Abendlandes,2017-08-07 00:00:00,19:00-22:00,DU-Stadtmitte; Portsmouthplatz - Mercatorstraße - Wittekindstraße - Fürstenstraße - Hohestraße - Güntherstraße - Hohestraße - Gallenkampstraße - Portsmouthplatz,150-500
65,2017-03-17,Patriotische Europäer gegen die Islamisierung des Abendlandes,2017-09-04 00:00:00,19:00-22:00,DU-Stadtmitte; Portsmouthplatz - Mercatorstraße - Wittekindstraße - Fürstenstraße - Hohestraße - Güntherstraße - Hohestraße - Gallenkampstraße - Portsmouthplatz,150-500
66,2017-03-21,Das Wegbier bleibt! - Mahnwache gegen das Alkoholverbot in Bereichen der Stadtmitte; Wahlinformation und Unterstützung der PARTEI Duisburg,2017-03-24 00:00:00,17:30-21:30,DU-Stadtmitte; Dellplatz,10
67,2017-03-21,Das Wegbier bleibt! - Mahnwache gegen das Alkoholverbot in Bereichen der Stadtmitte; Wahlinformation und Unterstützung der PARTEI Duisburg,2017-03-25 00:00:00,14:30-19:00,DU-Stadtmitte; Düsseldorfer Straße ,10
68,2017-03-21,"Gegen Personalkosteneinsparungen bei der Stadt DU, Sitzung Personal- und Verwaltungsausschuss Rat der Stadt, ""Wir wehren uns""",2017-04-03 00:00:00,13:00-15:00,DU-Stadtmitte; Lifesaver - Königstraße - Kuhstraße - Kuhtor - Poststraße - Burgplatz,250
69,2017-03-21,"Aufklärung desInhalts des in der Türkei zum Referendum gebrachten Vorschlag, um das Grundgesetz zu ändern - die juristische Deutung und politische Konsequenzen",2017-03-25 00:00:00,14:00-18:00,DU-Stadtmitte; Königstraße / Ecke Claubergstraße,-
70,2017-03-24,Kundgebung für ein weltoffenes und solidarisches Duisburg,2017-07-03 00:00:00,16:00-21:00,DU-Stadtmitte; Portsmouthplatz,150
71,2017-03-24,Kundgebung für ein weltoffenes und solidarisches Duisburg,2017-08-07 00:00:00,16:00-21:00,DU-Stadtmitte; Portsmouthplatz,150
72,2017-03-24,Kundgebung für ein weltoffenes und solidarisches Duisburg,2017-09-04 00:00:00,16:00-21:00,DU-Stadtmitte; Portsmouthplatz,150
73,2017-03-24,Kundgebung für ein weltoffenes und solidarisches Duisburg,2017-10-02 00:00:00,16:00-21:00,DU-Stadtmitte; Portsmouthplatz,150
74,2017-03-24,Kundgebung für ein weltoffenes und solidarisches Duisburg,2017-11-06 00:00:00,16:00-21:00,DU-Stadtmitte; Portsmouthplatz,150
75,2017-03-24,Kundgebung für ein weltoffenes und solidarisches Duisburg,2017-12-04 00:00:00,16:00-21:00,DU-Stadtmitte; Portsmouthplatz,150
78,2017-11-05,Kundgebung für ein weltoffenes und solidarisches Duisburg,2017-04-03 00:00:00,16:00-21:00,DU-Stadtmitte; Portsmouthplatz,150
79,2017-11-05,Kundgebung für ein weltoffenes und solidarisches Duisburg,2017-04-10 00:00:00,16:00-21:00,DU-Stadtmitte; Portsmouthplatz,150
80,2017-11-05,Kundgebung für ein weltoffenes und solidarisches Duisburg,2017-04-17 00:00:00,16:00-21:00,DU-Stadtmitte; Portsmouthplatz,150
81,2017-11-05,Kundgebung für ein weltoffenes und solidarisches Duisburg,2017-04-24 00:00:00,16:00-21:00,DU-Stadtmitte; Portsmouthplatz,150
82,2017-03-26,Landtagswahl NRW,2017-05-09 00:00:00,15:00-19:00,DU-Stadtmitte; Königstraße,40-60
83,2017-03-25,Keine Kriminalisierung von Antifaschisten,2017-04-03 00:00:00,17:30-18:30,DU-Stadtmitte; Königstraße (Lifesaver),40-50
84,2017-03-25,Wahlprüfsteine,2017-04-10 00:00:00,17:30-18:30,DU-Stadtmitte; Königstraße (Lifesaver),40-50
85,2017-03-25,Kandidatenbefragung zur Landtagswahl,2017-04-24 00:00:00,17:30-18:30,DU-Stadtmitte; Königstraße (Lifesaver),40-50
86,2017-03-27,Protest gegen Pegida NRW,2017-04-03 00:00:00,18:00-22:00,DU-Stadtmitte; Mercatorstraße / Ecke Friedrich-Wilhelm-Straße,30
87,2017-03-27,"Warnstreick, Wir für mehr!",2017-03-29 00:00:00,06:00-08:30,DU-Meiderich; Bürgermeister-Pütz-Straße 123 (Parkhaus),150
88,2017-03-30,"Tierrechte, Aufklärung über Massentierhaltung und Schlachtung",2017-05-13 00:00:00,10:30-14:00,DU-Stadtmitte; Königstraße,15-30
89,2017-03-31,"1. Mai 2017 - Tag der Arbeit ""Wir sind viele. Wir sind eins""",2017-05-01 00:00:00,11:00-13:00,DU-Hamborn; Amtsgericht Hamborn - Duisburger Straße - Hamborn Feuerwache - Alleestraße - Emscherstraße - Landschaftspark Nord Kraftzentrale,3.000-4.000
90,2017-04-03,Demonstration zum Christopher-Street-Day,2017-07-29 00:00:00,12:00-13:00,"DU-Stadtmitte, Burgplatz - Kühlingsgasse - Münzstraße - Kuhstraße - Kuhtor - Kohlenwall - Köhnenstraße - Friedrich-Albert-Lange-Platz - Köhnenstraße - Am Burgacker - Königsstraße - Lifesaver-Brunnen - Königsstraße - König-Heinrich-Platz",100
91,2017-04-04,Frieden,2017-04-07 00:00:00,15:00-19:00,DU-Stadtmitte; König-Heinrich-Platz,10-30
92,2017-04-06,Wo sind die Werte unserer Verfassung geblieben?,2017-05-13 00:00:00,15:30-17:00,DU-Stadtmitte; Königstraße (zwischen Forum und Citiy Palais),100
93,2017-04-07,Sitzung des Wirtschaftsausschuss TKSE / Konzernumbau,2017-04-07 00:00:00,11:15-12:30,DU-Bruckhausen; Kaiser-Wilhelm-Straße 100,30-40
94,2017-04-09,Hungerstreik der politischen Gefangenen in türkischen Gefängnissen,2017-04-11 00:00:00,17:00-22:00,DU-Stadtmitte; Königstraße,100
95,2017-04-12,Frieden,2017-04-15 00:00:00,10:00-14:00,,
96,2017-04-18,Kundgebung für Demokratie und Freiheit gegen Faschismus und Rassismus,2017-05-08 00:00:00,17:30-21:30,DU-Stadtmitte; Portsmouthplatz,100
97,2017-04-19,Europäischer Aktionstag zur geplanten Fusion zwischen Linde und Praxair / Mittagspausendemo,2017-04-27 00:00:00,12:00-12:15,DU-Meiderich; Stahlstraße 40,40-100
98,2017-04-21,Ausgang des Referendums in der Türkei,2017-04-22 00:00:00,-,-,-
99,2017-04-22,Ausgang des Referendums in der Türkei,2017-04-26 00:00:00,17:00-20:00,DU-Stadtmitte; Königstraße,150
100,2017-04-22,Traditionelle kurdische Hochzeit bzw. die Abholung der Braut vor dem Elternhaus auf Pferd,2017-04-29 00:00:00,15:00-16:00,DU-Hamborn; Duisburger Straße - Weseler Straße - Kaiser-Wilhelm-Straße,150
101,2017-04-24,Auftaktkundgebung 1. Mai,2017-05-01 00:00:00,10:00-10:55,DU-Hamborn; Amtsgericht Hamborn ,100-300
102,2017-04-25,Stopp Stahl-Exit. Wir mit dir Für Stahl,2017-05-03 00:00:00,,DU-Hüttenheim; Mannesmannstraße 101 ,5.000-6.000
103,2017-04-27,Duisburg in der NS-Zeit - Historischer Stadtrundgang,2017-05-08 00:00:00,17:30-22:00,DU-Stadtmitte; Kammerstraße - Neudorferstraße - Landfermannstraße - Saarstraße - Mercatorstraße - Königstraße - König-Heinrich-Platz - Landfermannstraße - Köhnenstraße - Kuhlenwall - Junkernstraße - Pulverweg - Stapeltor - Oberstraße - Poststraße - Burgplatz - Salvatorstraße - Alter Markt - Kühlingsgasse - Münzstraße - Beekstraße - Kasinostraße - Friedrich-Wilhelm-Platz - Friedrich-Wilhelm-Straße - Portsmouthplatz,30-50
104,2017-04-28,Kampf um jeden Arbeitsplatz in der Stahlindustrie,2017-05-08 00:00:00,18:00-19:00,DU-Stadtmitte; Lifesaver,40-50
105,2017-04-28,Auswertung der Landtagswahl in NRW,2017-05-15 00:00:00,18:00-19:00,DU-Stadtmitte; Lifesaver,40-50
106,2017-04-28,Wohnungspolitik und Miethaie in Duisburg,2017-05-22 00:00:00,18:00-19:00,DU-Stadtmitte; Lifesaver,40-50
107,2017-04-28,Jugend gegen Faschismus und Krieg,2017-05-29 00:00:00,18:00-19:00,DU-Stadtmitte; Lifesaver,40-50
108,2017-05-03,Wahlkundgebung der internationalistischen Liste / MLPD,2017-05-06 00:00:00,10:00-15:00,DU-Stadtmitte; Kuhtor,100-150
109,2017-05-04,National aus sozialer Verantwortung. Am 14.05.: NPD wählen,2017-05-06 00:00:00,13:00-15:00,DU-Hamborn; Hohenzollernplatz,10
110,2017-05-04,Opfer der Cannabis Prohibition,2017-05-06 00:00:00,11:00-14:00,DU-Stadtmitte; Königstraße / Ecke Düsseldorfer Straße am Life Saver,2
111,2016-11-05,Kundgebung für ein weltoffenes und solidarisches Duisburg,2017-05-08 00:00:00,16:00-21:00,DU-Stadtmitte; Portsmouthplatz,150
112,2017-05-05,No Duigida - gegen den PEGIDA-Aufmarsch,2017-05-08 00:00:00,18:30-21:30,DU-Stadtmitte; Portsmouthplatz,50-70
113,2017-05-05,No Duigida - gegen den PEGIDA-Aufmarsch,2017-06-05 00:00:00,18:30-21:30,DU-Stadtmitte; Portsmouthplatz,50-70
114,2017-05-09,Auswirkungen der Lebensmittelproduktion auf Landwirtschaft und Umwelt,2017-05-13 00:00:00,11:30-15:00,DU-Wanheimerort; Düsseldorfer Straße 438,6-8
115,2017-05-12,"Sitzprotest, gegen das Verbot der kurdischen Medien so wie Fernsehen",2017-05-17 00:00:00,18:00-20:00,DU-Stadtmitte; Königstraße,100
116,2017-05-16,Frieden-Stoppt die illegalen Nato-Kriege,2017-05-19 00:00:00,16:00-20:00,DU-Stadtmitte; König-Heinrich-Platz,20
117,2017-05-17,Tiere in der Unterhaltungsindustrie,2017-05-19 00:00:00,16:00-19:00,DU-Duissern; Mühlheimer Straße 273 ,10-24
118,2017-05-21,"Ivana lebt in unserer Liebe, in allen Farben kämpfen wir!",2017-06-17 00:00:00,11:30-13:30,DU-Stadtmitte; Portsmouthplatz - Mercatorstraße - Friedrich-Wilhelm-Straße - Steinsche Gasse - Kuhstraße - Kuhtor,150-200
119,2017-05-22,Bürgerbegehren gegen das geplante DOC,2017-05-23 00:00:00,14:15-15:00,DU-Stadtmitte; König-Heinrich-Platz - Königstraße - Kuhtor - Kuhstraße - Burgplatz,30
120,2017-05-24,Protest gegen den Schulnotstand in Duisburger Schulen,2017-07-03 00:00:00,14:30:00,Du-Stadtmitte; Burgplatz,1000
121,2016-11-05,Kundgebung für ein weltoffenes und solidarisches Duisburg,2017-06-05 00:00:00,16:00-21:00,DU-Stadtmitte; Portsmouthplatz,150
122,2016-11-05,Kundgebung für ein weltoffenes und solidarisches Duisburg,2017-06-12 00:00:00,16:00-21:00,DU-Stadtmitte; Portsmouthplatz,150
123,2016-11-05,Kundgebung für ein weltoffenes und solidarisches Duisburg,2017-06-19 00:00:00,16:00-21:00,DU-Stadtmitte; Portsmouthplatz,150
124,2016-11-05,Kundgebung für ein weltoffenes und solidarisches Duisburg,2017-06-26 00:00:00,16:00-21:00,DU-Stadtmitte; Portsmouthplatz,150
125,2017-06-07,Gedenkkundgebung für die Opfer der Anschläge in Afghanistan,2017-06-08 00:00:00,17:00-21:00,DU-Stadtmitte; König-Heinrich-Platz,100
126,2017-06-08,Wir wollen Bivsi zurück!,2017-06-12 00:00:00,16:00-18:00,DU-Stadtmitte; Steinbart-Gymnasium - Realschulstraße - Düsseldorfer Straße - Königstraße - Kuhtor - Kuhstraße - Steinsche Gasse - Burgplatz,1.000
127,2017-06-09,Die Entwicklung in der Stahlindustrie,2017-06-12 00:00:00,17:30-18:30,DU-Stadtmitte; Lifesaver,40-50
128,2017-06-09,Rettet die Umwelt vor der Profitgier,2017-06-19 00:00:00,17:30-18:30,DU-Stadtmitte; Lifesaver,40-50
129,2017-06-09,Der Skandal der Kinderarmut in Duisburg,2017-06-26 00:00:00,17:30-18:30,DU-Stadtmitte; Lifesaver,40-50
130,2017-06-14,Frieden - Stoppt die illegalen NATO-Kriege und die deutsche Beteiligung daran,2017-06-17 00:00:00,14:00-20:00,DU-Stadtmitte; König-Heinrich-Platz,50
131,2017-06-16,Zukunft in Ausbildung statt Schließung,2017-06-20 00:00:00,12:00-13:00,DU-Hochfeld; Wolfgang-Reuter-Platz,250
132,2017-06-16,"Freiheit für Öcalan, Freiheit für verhaftete Abgeordnete in der Türkei",2017-06-20 00:00:00,17:00-20:00,DU-Stadtmitte; Schiffsmaskenbrunnen,20
133,2017-06-16,"Freiheit für Öcalan, Freiheit für verhaftete Abgeordnete in der Türkei",2017-06-21 00:00:00,17:00-20:00,DU-Stadtmitte; Schiffsmaskenbrunnen,20
134,2017-06-16,"Freiheit für Öcalan, Freiheit für verhaftete Abgeordnete in der Türkei",2017-06-22 00:00:00,17:00-20:00,DU-Stadtmitte; Schiffsmaskenbrunnen,20
135,2017-06-16,"Freiheit für Öcalan, Freiheit für verhaftete Abgeordnete in der Türkei",2017-06-24 00:00:00,17:00-20:00,DU-Stadtmitte; Schiffsmaskenbrunnen,20
136,2017-06-19,Freiheit für Delfine und Wale 2017,2017-06-25 00:00:00,11:00-15:00,DU-Duissern; Mühlheimer Straße 273 ,25
137,2017-06-22,"Stoppt die Verfolgung von Falun Gong und den Organraub an lebenden Falun Gong Praktizierenden in China, Falun Dafa ist gut",2017-07-01 00:00:00,14:00-18:00,DU-Stadtmitte; Königstraße,3-8
138,2017-06-22,"Stoppt die Verfolgung von Falun Gong und den Organraub an lebenden Falun Gong Praktizierenden in China, Falun Dafa ist gut",2017-07-02 00:00:00,14:00-18:00,DU-Stadtmitte; Königstraße,3-8
139,2017-06-30,Situation in der Türkei,2017-07-01 00:00:00,13:00-16:00,DU-Stadtmitte; Königstraße 13,30
140,2017-07-01,Der G20-Gipfel und der Widerstand,2017-07-03 00:00:00,17:30-18:30,DU-Stadtmitte; Lifesaver,40-50
141,2017-07-10,G20-Gipfel - Eine Bilanz,2017-07-10 00:00:00,18:00-19:00,DU-Stadtmitte; Lifesaver,40-50
142,2017-07-17,Die Preiserhöhungen im ÖPNV,2017-07-17 00:00:00,18:00-19:00,DU-Stadtmitte; Lifesaver,40-50
143,2017-07-24,Der Kampf gegen die Altersarmut,2017-07-24 00:00:00,18:00-19:00,DU-Stadtmitte; Lifesaver,40-50
144,2017-07-31,Die Zukunft der Stahlindustrie,2017-07-31 00:00:00,18:00-19:00,DU-Stadtmitte; Lifesaver,40-50
145,2017-08-07,13 Jahre Montagsdemo Duisurg - Das Jubiläum,2017-08-07 00:00:00,18:00-19:00,DU-Stadtmitte; Lifesaver,40-50
146,2017-07-10,"Operation ""Freiheit für die Delfine im Duisburger Zoo 2017""",2017-07-17 00:00:00,11:00-15:00,DU-Duissern; Mühlheimer Straße 273,10-25
147,2017-07-10,"Operation ""Freiheit für die Delfine im Duisburger Zoo 2017""",2017-07-18 00:00:00,11:00-15:00,DU-Duissern; Mühlheimer Straße 273,10-25
148,2017-07-10,"Operation ""Freiheit für die Delfine im Duisburger Zoo 2017""",2017-07-19 00:00:00,11:00-15:00,DU-Duissern; Mühlheimer Straße 273,10-25
149,2017-07-10,"Operation ""Freiheit für die Delfine im Duisburger Zoo 2017""",2017-07-20 00:00:00,11:00-15:00,DU-Duissern; Mühlheimer Straße 273,10-25
150,2017-07-10,"Operation ""Freiheit für die Delfine im Duisburger Zoo 2017""",2017-07-21 00:00:00,11:00-15:00,DU-Duissern; Mühlheimer Straße 273,10-25
151,2017-07-10,"Operation ""Freiheit für die Delfine im Duisburger Zoo 2017""",2017-07-22 00:00:00,11:00-15:00,DU-Duissern; Mühlheimer Straße 273,10-25
152,2017-07-10,"Operation ""Freiheit für die Delfine im Duisburger Zoo 2017""",2017-07-23 00:00:00,11:00-15:00,DU-Duissern; Mühlheimer Straße 273,10-25
153,2017-07-10,"Operation ""Freiheit für die Delfine im Duisburger Zoo 2017""",2017-07-24 00:00:00,11:00-15:00,DU-Duissern; Mühlheimer Straße 273,10-25
154,2017-07-10,"Operation ""Freiheit für die Delfine im Duisburger Zoo 2017""",2017-07-25 00:00:00,11:00-15:00,DU-Duissern; Mühlheimer Straße 273,10-25
155,2017-07-10,"Operation ""Freiheit für die Delfine im Duisburger Zoo 2017""",2017-07-26 00:00:00,11:00-15:00,DU-Duissern; Mühlheimer Straße 273,10-25
156,2017-07-10,"Operation ""Freiheit für die Delfine im Duisburger Zoo 2017""",2017-07-27 00:00:00,11:00-15:00,DU-Duissern; Mühlheimer Straße 273,10-25
157,2017-07-10,"Operation ""Freiheit für die Delfine im Duisburger Zoo 2017""",2017-07-28 00:00:00,11:00-15:00,DU-Duissern; Mühlheimer Straße 273,10-25
158,2017-07-10,"Operation ""Freiheit für die Delfine im Duisburger Zoo 2017""",2017-07-29 00:00:00,11:00-15:00,DU-Duissern; Mühlheimer Straße 273,10-25
159,2017-07-10,"Operation ""Freiheit für die Delfine im Duisburger Zoo 2017""",2017-07-30 00:00:00,11:00-15:00,DU-Duissern; Mühlheimer Straße 273,10-25
160,2017-07-10,"Operation ""Freiheit für die Delfine im Duisburger Zoo 2017""",2017-07-31 00:00:00,11:00-15:00,DU-Duissern; Mühlheimer Straße 273,10-25
161,2017-07-10,"Operation ""Freiheit für die Delfine im Duisburger Zoo 2017""",2017-08-01 00:00:00,11:00-15:00,DU-Duissern; Mühlheimer Straße 273,10-25
162,2017-07-10,"Operation ""Freiheit für die Delfine im Duisburger Zoo 2017""",2017-08-02 00:00:00,11:00-15:00,DU-Duissern; Mühlheimer Straße 273,10-25
163,2017-07-10,"Operation ""Freiheit für die Delfine im Duisburger Zoo 2017""",2017-08-03 00:00:00,11:00-15:00,DU-Duissern; Mühlheimer Straße 273,10-25
164,2017-07-10,"Operation ""Freiheit für die Delfine im Duisburger Zoo 2017""",2017-08-04 00:00:00,11:00-15:00,DU-Duissern; Mühlheimer Straße 273,10-25
165,2017-07-10,"Operation ""Freiheit für die Delfine im Duisburger Zoo 2017""",2017-08-05 00:00:00,11:00-15:00,DU-Duissern; Mühlheimer Straße 273,10-25
166,2017-07-10,"Operation ""Freiheit für die Delfine im Duisburger Zoo 2017""",2017-08-06 00:00:00,11:00-15:00,DU-Duissern; Mühlheimer Straße 273,10-25
167,2017-07-10,"Operation ""Freiheit für die Delfine im Duisburger Zoo 2017""",2017-08-07 00:00:00,11:00-15:00,DU-Duissern; Mühlheimer Straße 273,10-25
168,2017-07-10,"Operation ""Freiheit für die Delfine im Duisburger Zoo 2017""",2017-08-08 00:00:00,11:00-15:00,DU-Duissern; Mühlheimer Straße 273,10-25
169,2017-07-10,"Operation ""Freiheit für die Delfine im Duisburger Zoo 2017""",2017-08-09 00:00:00,11:00-15:00,DU-Duissern; Mühlheimer Straße 273,10-25
170,2017-07-10,"Operation ""Freiheit für die Delfine im Duisburger Zoo 2017""",2017-08-10 00:00:00,11:00-15:00,DU-Duissern; Mühlheimer Straße 273,10-25
171,2017-07-10,"Operation ""Freiheit für die Delfine im Duisburger Zoo 2017""",2017-08-11 00:00:00,11:00-15:00,DU-Duissern; Mühlheimer Straße 273,10-25
172,2017-07-10,"Operation ""Freiheit für die Delfine im Duisburger Zoo 2017""",2017-08-12 00:00:00,11:00-15:00,DU-Duissern; Mühlheimer Straße 273,10-25
173,2017-07-10,"Operation ""Freiheit für die Delfine im Duisburger Zoo 2017""",2017-08-13 00:00:00,11:00-15:00,DU-Duissern; Mühlheimer Straße 273,10-25
174,2017-07-10,"Operation ""Freiheit für die Delfine im Duisburger Zoo 2017""",2017-08-14 00:00:00,11:00-15:00,DU-Duissern; Mühlheimer Straße 273,10-25
175,2017-07-10,"Operation ""Freiheit für die Delfine im Duisburger Zoo 2017""",2017-08-15 00:00:00,11:00-15:00,DU-Duissern; Mühlheimer Straße 273,10-25
176,2017-07-10,"Operation ""Freiheit für die Delfine im Duisburger Zoo 2017""",2017-08-16 00:00:00,11:00-15:00,DU-Duissern; Mühlheimer Straße 273,10-25
177,2017-07-10,"Operation ""Freiheit für die Delfine im Duisburger Zoo 2017""",2017-08-17 00:00:00,11:00-15:00,DU-Duissern; Mühlheimer Straße 273,10-25
178,2017-07-10,"Operation ""Freiheit für die Delfine im Duisburger Zoo 2017""",2017-08-18 00:00:00,11:00-15:00,DU-Duissern; Mühlheimer Straße 273,10-25
179,2017-07-10,"Operation ""Freiheit für die Delfine im Duisburger Zoo 2017""",2017-08-19 00:00:00,11:00-15:00,DU-Duissern; Mühlheimer Straße 273,10-25
180,2017-07-10,"Operation ""Freiheit für die Delfine im Duisburger Zoo 2017""",2017-08-20 00:00:00,11:00-15:00,DU-Duissern; Mühlheimer Straße 273,10-25
181,2017-07-10,"Operation ""Freiheit für die Delfine im Duisburger Zoo 2017""",2017-08-21 00:00:00,11:00-15:00,DU-Duissern; Mühlheimer Straße 273,10-25
182,2017-07-10,"Operation ""Freiheit für die Delfine im Duisburger Zoo 2017""",2017-08-22 00:00:00,11:00-15:00,DU-Duissern; Mühlheimer Straße 273,10-25
183,2017-07-10,"Operation ""Freiheit für die Delfine im Duisburger Zoo 2017""",2017-08-23 00:00:00,11:00-15:00,DU-Duissern; Mühlheimer Straße 273,10-25
184,2017-07-10,"Operation ""Freiheit für die Delfine im Duisburger Zoo 2017""",2017-08-24 00:00:00,11:00-15:00,DU-Duissern; Mühlheimer Straße 273,10-25
185,2017-07-10,"Operation ""Freiheit für die Delfine im Duisburger Zoo 2017""",2017-08-25 00:00:00,11:00-15:00,DU-Duissern; Mühlheimer Straße 273,10-25
186,2017-07-10,"Operation ""Freiheit für die Delfine im Duisburger Zoo 2017""",2017-08-26 00:00:00,11:00-15:00,DU-Duissern; Mühlheimer Straße 273,10-25
187,2017-07-10,"Operation ""Freiheit für die Delfine im Duisburger Zoo 2017""",2017-08-27 00:00:00,11:00-15:00,DU-Duissern; Mühlheimer Straße 273,10-25
188,2017-07-10,"Operation ""Freiheit für die Delfine im Duisburger Zoo 2017""",2017-08-28 00:00:00,11:00-15:00,DU-Duissern; Mühlheimer Straße 273,10-25
189,2017-07-10,"Operation ""Freiheit für die Delfine im Duisburger Zoo 2017""",2017-08-29 00:00:00,11:00-15:00,DU-Duissern; Mühlheimer Straße 273,10-25
190,2017-07-10,Solidarität für die gefangenen Akademiker in der Türkei,2017-07-11 00:00:00,16:00-19:00,"DU-Stadtmitte, König-Heinrich-Platz",2-5
191,2017-07-10,Solidarität für die gefangenen Akademiker in der Türkei,2017-07-12 00:00:00,16:00-19:00,"DU-Stadtmitte, König-Heinrich-Platz",2-5
192,2017-07-10,Solidarität für die gefangenen Akademiker in der Türkei,2017-07-13 00:00:00,16:00-19:00,"DU-Stadtmitte, König-Heinrich-Platz",2-5
193,2017-07-10,Solidarität für die gefangenen Akademiker in der Türkei,2017-07-14 00:00:00,16:00-19:00,"DU-Stadtmitte, König-Heinrich-Platz",2-5
194,2017-07-10,Solidarität für die gefangenen Akademiker in der Türkei,2017-07-15 00:00:00,13:00-18:30,"DU-Stadtmitte, König-Heinrich-Platz",2-5
195,2017-07-10,Solidarität für die gefangenen Akademiker in der Türkei,2017-07-16 00:00:00,16:00-19:00,"DU-Stadtmitte, König-Heinrich-Platz",2-5
196,2017-07-10,Solidarität für die gefangenen Akademiker in der Türkei,2017-07-17 00:00:00,16:00-19:00,"DU-Stadtmitte, König-Heinrich-Platz",2-5
197,2017-07-10,Solidarität für die gefangenen Akademiker in der Türkei,2017-07-18 00:00:00,16:00-19:00,"DU-Stadtmitte, König-Heinrich-Platz",2-5
198,2017-07-10,Solidarität für die gefangenen Akademiker in der Türkei,2017-07-19 00:00:00,16:00-19:00,"DU-Stadtmitte, König-Heinrich-Platz",2-5
199,2017-07-10,Solidarität für die gefangenen Akademiker in der Türkei,2017-07-20 00:00:00,16:00-19:00,"DU-Stadtmitte, König-Heinrich-Platz",2-5
200,2017-07-10,Solidarität für die gefangenen Akademiker in der Türkei,2017-07-21 00:00:00,16:00-19:00,"DU-Stadtmitte, König-Heinrich-Platz",2-5
201,2017-07-10,Solidarität für die gefangenen Akademiker in der Türkei,2017-07-22 00:00:00,13:00-18:30,"DU-Stadtmitte, König-Heinrich-Platz",2-5
202,2017-07-18,Wir kommen wieder!,2017-08-07 00:00:00,19:00-22:00,-,50
203,2017-07-19,"Stoppt die Verfolgung von Falun Gong und den Organraub an lebenden Falun Gong Praktizierenden in China, Falun Dafa ist gut",2017-07-23 00:00:00,12:00-19:00,DU-Stadtmitte; Königstraße a. d. H. v. Haus 68-70,3-8
204,2017-07-24,Rettet unser Wegbier,2017-07-28 00:00:00,19:30-22:00,DU-Stadtmitte; Börsenstraße 11,4
205,2017-07-24,Wahlkundgebung der internationalistischen Liste / MLPD,2017-09-16 00:00:00,10:00-17:00,DU-Stadtmitte; Königstraße ,100-150
206,2017-07-25,Patriotische Europäer gegen die Islamisierung des Abendlandes,2017-10-05 00:00:00,19:00-22:00,DU-Stadtmitte; Portsmouthoplatz - Wittekindstraße - Fürstenstraße - Hohestraße - Güntherstraße - Hohestraße - Gallenkampstraße - Portsmouthplatz,150-200
207,2017-07-25,Patriotische Europäer gegen die Islamisierung des Abendlandes,2017-10-12 00:00:00,19:00-22:00,DU-Stadtmitte; Portsmouthoplatz - Wittekindstraße - Fürstenstraße - Hohestraße - Güntherstraße - Hohestraße - Gallenkampstraße - Portsmouthplatz,150-200
208,2017-07-25,Patriotische Europäer gegen die Islamisierung des Abendlandes,2017-10-19 00:00:00,19:00-22:00,DU-Stadtmitte; Portsmouthoplatz - Wittekindstraße - Fürstenstraße - Hohestraße - Güntherstraße - Hohestraße - Gallenkampstraße - Portsmouthplatz,150-200
209,2017-07-25,Patriotische Europäer gegen die Islamisierung des Abendlandes,2017-10-26 00:00:00,19:00-22:00,DU-Stadtmitte; Portsmouthoplatz - Wittekindstraße - Fürstenstraße - Hohestraße - Güntherstraße - Hohestraße - Gallenkampstraße - Portsmouthplatz,150-200
210,2017-07-29,Mahnwache zum Gedenken an die jesidischen Opfer des IS,2017-08-03 00:00:00,10:00-19:00,DU-Stadtmitte; Kuhstraße / Ecke Kuhlenwall,150
211,2017-08-02,"Kritik an Hartz-IV, Kritik an Sanktionen im Rahmen des SGBII",2017-08-08 00:00:00,07:00-11:00,DU-Hamborn; Duisburger Straße 277,5
212,2017-08-03,Antikriegstag,2017-09-01 00:00:00,17:00-20:00,DU-Stadtmitte; Königstraße (Lifesaver),50
213,2017-08-14,"Solidaritätszelt für Akademiker in der Türkei, gegen die massenhafte Suspendierung der Arbeitsstellen und Maßnahmen des Ausnahmezustandes seit über 150 Tagen",2017-08-16 00:00:00,12:00-19:00,DU-Hamborn; Altmarkt/Richterstraße,30-40
214,2017-08-14,"Solidaritätszelt für Akademiker in der Türkei, gegen die massenhafte Suspendierung der Arbeitsstellen und Maßnahmen des Ausnahmezustandes seit über 150 Tagen",2017-08-17 00:00:00,12:00-19:00,DU-Hamborn; Altmarkt/Richterstraße,30-40
215,2017-08-15,Tarifvertragliche Entlastung für Krankenhäuser; Forderung im Wahlkampf,2017-08-18 00:00:00,17:30-18:30,DU-Stadtmitte; Stapeltor 8 - Philosophenweg 31-33,20
216,2017-08-18,"""Glück-Auf"" NRW Endspurt Bundestagswahlkampf 2017",2017-09-04 00:00:00,17:00-23:00,DU-Ruhrort; Gustav-Sander-Platz (Schifferbörse),98
217,2017-08-21,Kundgebung für ein weltoffenes und solidarisches Duisburg,2017-09-11 00:00:00,18:00-21:00,Du-Stadtmitte; Portsmouthplatz,150
218,2017-08-22,Politische Häftlinge in Aserbaidschan,2017-09-02 00:00:00,13:00-14:00,"DU-Statmite, Portsmouthplatz",30-35
219,2017-08-22,Freiheit für Öcalan und HDP-Abgeordneten und Bürgermeistern,2017-09-09 00:00:00,14:00:00,DU-Stadtmitte; Portsmouthplatz - Königstraße - Portsmouthplatz,1.000
220,2017-08-23,Antikriegskundgebung und Demonstration,2017-09-01 00:00:00,16:00-20:00,DU-Stadtmitte; Königstraße - Mercatorstraße - Königstraße - Kuhtor - Forum ,300-350
221,2017-08-24,Tierhandel,2017-12-02 00:00:00,13:00-16:00,DU-Hamborn; Konrad-Adenauer-Ring 6,30-40
222,2017-08-26,Wahlprüfsteine zur OB-Wahl,2017-09-04 00:00:00,18:00-19:00,DU-Stadtmitte; Lifesaver,40-50
223,2017-08-26,Der Terrorismus heute,2017-09-11 00:00:00,18:00-19:00,DU-Stadtmitte; Lifesaver,40-50
224,2017-08-26,Vorstellung der Kandidaten zur OB-Wahl,2017-09-18 00:00:00,18:00-19:00,DU-Stadtmitte; Lifesaver,40-50
225,2017-08-26,Auswertung der Wahlen,2017-09-25 00:00:00,18:00-19:00,DU-Stadtmitte; Lifesaver,40-50
226,2017-08-30,"Aufruf zum Glauben: ""Glaube an den HERRN Jesus Christus, so wirst du und dein Haus selig!""",2017-09-02 00:00:00,11:00-15:00,DU-Stadtmitte; Königstraße,15
227,2017-09-03,Protestaktion gegen Entführung und Mord an Frau Saray Güven aus Frankfurt,2017-09-06 00:00:00,16:00-18:00,DU-Stadtmitte; Kuhtor,150
228,2017-08-29,No Duigida - gegen den PEGIDA-Aufmarsch,2017-09-04 00:00:00,18:30-21:30,DU-Stadtmitte; Portsmuthplatz,50-70
229,2017-03-24,Kundgebung für ein weltoffenes und solidarisches Duisburg,2017-09-04 00:00:00,16:00-21:00,DU-Stadtmitte; Portsmouthplatz,150
230,2017-09-01,Kinder aus Arakan,2017-09-02 00:00:00,09:00:00,DU-Stadtmitte; Düsseldorfer Straße ,2-10
231,2017-09-01,Kinder aus Arakan,2017-09-03 00:00:00,-,DU-Stadtmitte; Düsseldorfer Straße ,2-10
232,2017-09-01,Kinder aus Arakan,2017-09-04 00:00:00,18:00:00,DU-Stadtmitte; Düsseldorfer Straße ,2-10
233,2017-09-07,Unterschriftensammlung zur Petition des DHV,2017-09-09 00:00:00,11:00-19:00,DU-Stadtmitte; Life-Saver-Brunnen,10
234,2017-09-11,Protestkundgebung für jeden Arbeitsplatz bei Thyssen,2017-09-14 00:00:00,12:00-15:30,DU-Bruckhausen; versch. Standorte,50-200
235,2017-09-11,Unterdrückung in Bruma/China,2017-09-16 00:00:00,17:00-18:30,DU-Stadtmitte; Portsmouthplatz,ca. 50
236,2017-07-19,Mädchenarbeit sichern,2017-09-22 00:00:00,19:00-19:30,Duisburg-hamborn; Schillerstraße,300
237,2017-09-13,Patriotische Europäer gegen die Islamisierung des Abendlandes,2017-09-18 00:00:00,19:00-22:00,DU-Stadtmitte; Portsmouthplatz,150-200
238,2017-09-13,Patriotische Europäer gegen die Islamisierung des Abendlandes,2017-10-09 00:00:00,19:00-22:00,DU-Stadtmitte; Portsmouthplatz,150-200
238,,,,,,
239,2017-08-29,No Duigida - gegen den PEGIDA-Aufmarsch,2017-09-18 00:00:00,18:30-21:30,DU-Stadtmitte; Portsmuthplatz,50-70
240,2017-09-14,Kundgebung für ein weltoffenes und solidarisches Duisburg,2017-09-18 00:00:00,18:00-21:00,DU-Stadtmitte; Portsmouthplatz,150
241,2017-09-14,Kundgebung für ein weltoffenes und solidarisches Duisburg,2017-10-09 00:00:00,18:00-21:00,DU-Stadtmitte; Portsmouthplatz,150
242,2017-09-18,Tiere sind keine Weihnachtsgeschenke / Tiere sind keine Ware,2017-12-09 00:00:00,13:00-16:00,DU-Hamborn; Konrad-Adenauer-Ring 6,20
243,2017-09-16,Tag der älteren Menschen,2017-10-02 00:00:00,18:00-19:00,DU-Stadtmitte; Lifesaver,40-50
244,2017-09-16,Arbeitsgelegenheiten im SGB 2,2017-10-09 00:00:00,18:00-19:00,DU-Stadtmitte; Lifesaver,40-50
245,2017-09-16,Die Klimakatastrophe,2017-10-16 00:00:00,18:00-19:00,DU-Stadtmitte; Lifesaver,40-50
246,2017-09-16,Wohnungspolitik in Duisburg,2017-10-23 00:00:00,18:00-19:00,DU-Stadtmitte; Lifesaver,40-50
247,2017-09-16,Die Situation in Kitas und Schulen,2017-10-30 00:00:00,18:00-19:00,DU-Stadtmitte; Lifesaver,40-50
248,2017-08-29,No Duigida - gegen den PEGIDA-Aufmarsch,2017-10-09 00:00:00,18:30-21:30,DU-Stadtmitte; Portsmuthplatz,50-70
249,2017-09-28,Gegen Gülen Bewegung ,2017-08-30 00:00:00,15:00-18:00,DU-Stadtmitte; Münstr. / Universitätsstraße,200-300
250,2017-09-28,Gegen die Unterdrückung von Ambazonien,2017-10-01 00:00:00,14:00-16:00,DU-Stadtmitte; Portsmouthplatz,50
251,2017-09-29,Stoppt den LKW-Verkehr in Friemersheim,2017-10-14 00:00:00,11:00-14:00,DU-Rheinhausen; Marktplatz Friemersheim,1000
252,2017-09-29,Gegen eine mögliche Fusion von Thyssen Krupp und Tata,2017-10-11 00:00:00,11.00-13:00,"Rhein, Höhe Landtag",150
253,2017-10-16,Isolationshaft von Kurdenführer Öcalan,2017-10-16 00:00:00,17:00-20:00,DU-Stadtmitte; Portsmouthplatz,50-80
254,2017-10-16,Isolationshaft von Kurdenführer Öcalan,2017-10-17 00:00:00,17:00-20:00,DU-Stadtmitte; Portsmouthplatz,50-80
255,2017-10-18,Patriotische Europäer gegen die Islamisierung des Abendlandes,2017-11-06 00:00:00,19:00-22:00,DU-Stadtmitte; Portsmouthplatz - Friedrich-Wilhelm-Straße - Düsseldorferstraße - Königstraße - Mercatorstraße - Portsmouthplatz,80-100
256,2017-10-19,Kritik an Sanktionen unterhalb des SGB II-Regelsatz-Existenzminimums,2017-11-07 00:00:00,07:00-11:00,DU-Hamborn; Duisburger Straße 277 vor dem dortigen Jobcenter,ca. 5
257,2017-10-23,Öcalan leben,2017-10-25 00:00:00,13:00-18:00,DU-Stadtmitte; Portsmouthplatz,ca. 20
258,2017-10-23,Öcalan leben,2017-10-26 00:00:00,13:00-18:00,DU-Stadtmitte; Portsmouthplatz,ca. 20
259,2017-10-23,Öcalan leben,2017-10-27 00:00:00,13:00-18:00,DU-Stadtmitte; Portsmouthplatz,ca. 20
260,2017-10-23,Öcalan leben,2017-10-28 00:00:00,13:00-18:00,DU-Stadtmitte; Portsmouthplatz,ca. 20
261,2017-10-23,Öcalan leben,2017-10-28 00:00:00,18:00-20:00,DU-Stadtmitte; Portsmouthplatz,ca. 20
262,2017-10-25,Freiheit für Delfine im Duisburger Zoo 2017,2017-10-29 00:00:00,11:00-15:00,DU-Duissern; Mülheimer Straße 273,ca. 25
263,2017-10-25,Warnstreik,2017-10-27 00:00:00,16:00-02:00,DU-Stadtmitte; Neudorfer Straße (vor der UCI Kinowelt),ca. 30
264,2017-10-28,Baumfällung auf der Friedrich-Wilhelm-Straße,2017-11-06 00:00:00,17:30-18:30,DU-Stadtmtte; Livesafer-Brunnen,40-50
265,2017-10-28,Frage der Arbeitszeitverkürzung,2017-11-13 00:00:00,17:30-18:30,DU-Stadtmtte; Livesafer-Brunnen,40-50
266,2017-10-28,Situation der älteren Menschen,2017-11-20 00:00:00,17:30-18:30,DU-Stadtmtte; Livesafer-Brunnen,40-50
267,2017-10-28,Tag gegen Gewalt an Frauen,2017-11-27 00:00:00,17:30-18:30,DU-Stadtmtte; Livesafer-Brunnen,40-50
268,2017-10-28,Stromsperren,2017-12-04 00:00:00,17:30-18:30,DU-Stadtmtte; Livesafer-Brunnen,40-50
269,2017-10-28,Ernährung,2017-12-11 00:00:00,17:30-18:30,DU-Stadtmtte; Livesafer-Brunnen,40-50
270,2017-10-28,Jahresrückblick,2017-12-18 00:00:00,17:30-18:30,DU-Stadtmtte; Livesafer-Brunnen,40-50
271,2017-10-29,Solidaritätskundgebung für die sich im Hungerstreik befindenden Akademiker Nuriye Gülmen und Semih Özakca,2017-11-04 00:00:00,17:00-18:00,DU-Stadtmitte; Portsmouthplatz,ca. 100
272,2017-10-31,"Einmarsch der türkischen Armee in Irak-Kurdistan ""Türkische Armee, Erdogan raus""",2017-11-02 00:00:00,12:00-18:00,DU-Stadtmitte; Portsmouthplatz,ca. 10-15
273,2017-11-03,No Duigida - gegen den PEGIDA-Aufmarsch,2017-11-06 00:00:00,18:30-21:30,DU-Stadtmitte; Portsmuthplatz,50-70
274,2017-11-15,Wo sind unsere christlichen Werte? Ist Gott nicht ein Gott der Liebe ?! Werte der Reformation,2017-11-18 00:00:00,11:00-18:00,DU-Stadtmitte; König-Heinrich-Platz,15-20
275,2017-11-16,"Stoppt die Verfolgung von Falun Gong und den Organraub an lebenden Falun Gong Praktizierenden in China, Falun Dafa ist gut",2017-11-25 00:00:00,12:00-18:00,DU-Stadtmitte; Königstraße,
276,2017-11-23,Tag gegen Gewalt an Frauen,2017-11-25 00:00:00,14:00-15:00,DU-Hamborn; Altmarkt,50
277,2017-11-24,Kaputtsparen ist nicht - Haushaltswende jetzt,2017-11-27 00:00:00,13:45-15:15,DU-Stadtmitte; Burgplatz,10
278,2017-11-22,Mesla Tolu - Deutsche Journalistin im türkischen Gefängnis,2017-11-29 00:00:00,15:00-18:00,DU-Neudorf; Oststraße,-
279,2017-11-29,"Stoppt die Verfolgung von Falun Gong und den Organraub an lebenden Falun Gong Praktizierenden in China, Falun Dafa ist gut",2017-12-03 00:00:00,13:30-19:00,DU-Stadtmitte,5-8
280,2017-12-05,Isolationshaft von Kurdenführer Öcalan,2017-12-06 00:00:00,14:00-19:00,DU-Stadtmitte; Portsmouthplatz,50-80
281,2017-12-04,"Stoppt die Verfolgung von Falun Gong und den Organraub an lebenden Falun Gong Praktizierenden in China, Falun Dafa ist gut",2017-12-09 00:00:00,13:00-19:00,DU-Stadtmitte,05-08
282,2017-12-04,"Stoppt die Verfolgung von Falun Gong und den Organraub an lebenden Falun Gong Praktizierenden in China, Falun Dafa ist gut",2017-12-16 00:00:00,13:00-19:00,DU-Stadtmitte,05-08
283,2017-12-04,"Stoppt die Verfolgung von Falun Gong und den Organraub an lebenden Falun Gong Praktizierenden in China, Falun Dafa ist gut",2017-12-23 00:00:00,13:00-19:00,DU-Stadtmitte,05-08
284,2017-12-16,Gedenken am Stolperstein für Harro Schulze-Boysen & Frau ,2017-12-22 00:00:00,12:00-19:30,"DU-Dellviertel, Karl-Lehr-Str. 9 ",2-50/70
