Nr.,Anzeigedat.,Art,Thema,"Wochen-
tag",Datum,Zeit,"Ort, Aufzugsweg",TN-Zahl angezeigt
1,2022-11-07 00:00:00,A (K),"KIDICAL MASS, ""Kinder aufs Rad""
Fahrraddemo für und mit Kindern und Jugendlichen ",2023-05-07 00:00:00,2023-05-07,14:30 - 16:30,"Ludgeriplatz, Kläcknerstr., Neudorfer Straße, Landfermannstr., Saarstr., Portsmouthplatz, Friedrich-Wilhelm-Straße, Steinsche Gasse,  Poststraße, Burgplatz, Poststraße, Gutenbergstraße, Köhnenstraße, Friedrich-Albert-Lange-Platz, König-Heinrich-Platz, Tonhallenstraße, Kantpark",ca. 300
2,2022-12-06 00:00:00,K,Kundgebung zu aktuellen Entwicklungen,2023-01-09 00:00:00,2023-01-09,17:30 - 19.00,"Lifesaver Brunnen, Duisburg Königstraße",30 - 40
3,2022-12-16 00:00:00,K,Straßentheater gegen Preissteigerung,2023-01-07 00:00:00,2023-01-07,16:00 - 18:00,Königstraße 42,25 - 30
4,2022-12-20 00:00:00,K,"Beteiligung an der weltweiten Kampagne ""ONE BILLION RISING 2023"" gegen de alltägliche Gewalt gegen Frauen und Mädchen durch eine Straßenaktion",2023-02-14 00:00:00,2023-02-14,15:00 - 16:00,Königstraße 12 (Platz zwischen Forum und den schwebenden Gärten),ca. 150
5,2022-06-02 00:00:00,A (K),Freie Impfentscheidung. Freies Leben ohne Maßnahmen. Für Normalität unserer Kinder,2023-01-09 00:00:00,2023-01-09,18:00 - 21:30,"Alter Markt (Auftaktkundgebung) – Salvatorstraße – Burgplatz –
Gutenbergstraße – Obermauerstraße –Kuhtor am Brunnen (1.
Zwischenkundgebung) – Kuhlenwall - Am Mühlenberg - Am
Burgacker – Köhnenstraße - Friedrich-Albert-Lange-Platz – Landfermannstraße
- zwischen Liebfrauenkirche und CityPalais (2.
Zwischenkundgebung) – Landfermannstraße – Neckarstraße –
Fuldastraße – Junkernstraße – Kuhlenwall – Oberstraße – Poststraße
– Burgplatz – Salvatorstraße - Alter Markt (Abschlusskundgebung).",ca. 80
6,2022-12-29 00:00:00,K,Gegen die systematische Unterdrückung und Ausbeutung der Menschen durch die Regierung. Gegen die Verstöße gegen das Menschenrecht und das Grundgesetz und Forderung der Wiedergutmachung der gesamten Corona-Zeit,2023-01-16 00:00:00,2023-01-16,18:00 - 19:30,Rathausplatz,5 bis 30
7,2022-06-02 00:00:00,A (K),Freie Impfentscheidung. Freies Leben ohne Maßnahmen. Für Normalität unserer Kinder,2023-01-23 00:00:00,2023-01-23,18:00 - 21:30,"Alter Markt (Auftaktkundgebung) – Salvatorstraße – Burgplatz –
Gutenbergstraße – Obermauerstraße –Kuhtor am Brunnen (1.
Zwischenkundgebung) – Kuhlenwall - Am Mühlenberg - Am
Burgacker – Köhnenstraße - Friedrich-Albert-Lange-Platz – Landfermannstraße
- zwischen Liebfrauenkirche und CityPalais (2.
Zwischenkundgebung) – Landfermannstraße – Neckarstraße –
Fuldastraße – Junkernstraße – Kuhlenwall – Oberstraße – Poststraße
– Burgplatz – Salvatorstraße - Alter Markt (Abschlusskundgebung).",ca. 80
8,2022-06-02 00:00:00,A (K),Freie Impfentscheidung. Freies Leben ohne Maßnahmen. Für Normalität unserer Kinder,2023-01-30 00:00:00,2023-01-30,18:00 - 21:30,"Alter Markt (Auftaktkundgebung) – Salvatorstraße – Burgplatz –
Gutenbergstraße – Obermauerstraße –Kuhtor am Brunnen (1.
Zwischenkundgebung) – Kuhlenwall - Am Mühlenberg - Am
Burgacker – Köhnenstraße - Friedrich-Albert-Lange-Platz – Landfermannstraße
- zwischen Liebfrauenkirche und CityPalais (2.
Zwischenkundgebung) – Landfermannstraße – Neckarstraße –
Fuldastraße – Junkernstraße – Kuhlenwall – Oberstraße – Poststraße
– Burgplatz – Salvatorstraße - Alter Markt (Abschlusskundgebung).",ca. 80
9,2022-12-27 00:00:00,K,"Tierrechte, Veganismus",2023-01-13 00:00:00,2023-01-13,17:00 - 20:00,Königstraße 48 (Forum),10-25
10,2022-12-27 00:00:00,K,"Tierrechte, Veganismus",2023-01-28 00:00:00,2023-01-28,15:00 - 18:00,Königstraße 48 (Forum),10-25
11,2022-12-29 00:00:00,K,Gegen die systematische Unterdrückung und Ausbeutung der Menschen durch die Regierung. Gegen die Verstöße gegen das Menschenrecht und das Grundgesetz und Forderung der Wiedergutmachung der gesamten Corona-Zeit,2023-01-02 00:00:00,2023-01-02,18:15-19:30,Alter Markt in 47051 Duisburg am Duisburger Rathaus,5-30
12,2023-01-10 00:00:00,K,#NichtAufUnseremRücken,2023-01-12 00:00:00,2023-01-12,15:00 - 18:00,Hamborn Rathaus auf Höhe der Rathausstraße 4,5 - 10
13,2023-01-10 00:00:00,K,Hoffnung durch Glaube. Gegen Hass und Gewalt für Frieden und Nächstenliebe!,2023-02-01 00:00:00,2023-02-01,13:30 - 18:30,August-Bebel-Platz,ca. 10
14,2023-01-10 00:00:00,K,Hoffnung durch Glaube. Gegen Hass und Gewalt für Frieden und Nächstenliebe!,2023-02-02 00:00:00,2023-02-02,13:30 - 18:30,August-Bebel-Platz,ca. 10
15,2023-01-10 00:00:00,K,Hoffnung durch Glaube. Gegen Hass und Gewalt für Frieden und Nächstenliebe!,2023-02-03 00:00:00,2023-02-03,13:30 - 18:30,August-Bebel-Platz,ca. 10
16,2023-01-16 00:00:00,K,Termin Probleme bei der Ausländerbehörde seit über 2 Jahren,2023-01-30 00:00:00,2023-01-30,11:00 - 12:00,"Vor dem Hamborner Rathaus, Duisburger Straße 213, 47166 Duisburg",ca. 50
17,2023-01-19 00:00:00,K,Duisburg Klimaneutral bis 2035,2023-02-09 00:00:00,2023-02-09,13:30 - 15:00,"König-Heinrich-Platz. Ecke Landfermannstraße, vor dem City-Palais",ca.20
18,2023-01-20 00:00:00,K,Die Ausländerbehörde Hamborn kommt der Terminvergabe bezüglich der Übertragung von Aufenthaltstitel zu einem neuen Reisepass und der Abgabe von Verpflichtungserklärungen nicht nach. Es werden kaum Termine vergeben. ,2023-01-27 00:00:00,2023-01-27,15:00 - 16:30,"Vor dem Hamborner Rathaus, Duisburger Straße 213, 47166 Duisburg",100-500
19,2023-01-23 00:00:00,K,Stopp den Ukraine Krieg! Gegen jede imperialistische Aggression! Anlässlich 1 Jahr Kriegsbeginn,2023-02-24 00:00:00,2023-02-24,16:00 - 19:00,Duisburg Stadtmitte - König Heinrich Platz vor dem Forum ,100
20,2023-01-23 00:00:00,K,#NichtAufUnseremRücken,2023-01-26 00:00:00,2023-01-26,16:00 - 18:00,Hamborn Rathaus auf Höhe der Rathausstraße 4,5-10
21,2023-01-26 00:00:00,K,Freiheit für den Musiker İhsan Cibelik,2023-01-27 00:00:00,2023-01-27,18:00 - 20:00,König-Heinrich-Platz,10
22,2023-01-26 00:00:00,K,Ein Jahr Ukrainekrieg,2023-02-24 00:00:00,2023-02-24,14:00 - 18:00,"Vorplatz Gewerkschaftshaus, Am Stapeltor 17-19, Innenstadt",100
23,2023-01-26 00:00:00,K,1. Mai 2023 - Tag der Arbeit,2023-05-01 00:00:00,2023-05-01,10:00 - 13:00,"Opernplatz/König-Heinrich-Platz, Innenstadt und Am Stapeltor 17-19",50
24, 26.01.2023,K,Kundgebung zu aktuellen Entwicklungen,2023-02-06 00:00:00,2023-02-06,17:30 - 18:45,"Lifesaver Brunnen, Duisburg Königstraße",20-30
25,2023-01-29 00:00:00,K,"Tierrechte, Veganismus",2023-02-10 00:00:00,2023-02-10,16.30 - 19:30,Königstraße 48 (Forum),10 - 25
26,2023-01-29 00:00:00,K,"Tierrechte, Veganismus",2023-02-25 00:00:00,2023-02-25,14.00 - 17:00,Königstraße 48 (Forum),10 - 25
27,2023-01-28 00:00:00,A (K),"Christopher-Street-Day 2023 
Demonstration für Akzeptanz und Toleranz",2023-07-29 00:00:00,2023-07-29,12:00 - 13:30,Rathausplatz (Auftaktkundgebung) - Poststraße - Steinsche Gasse - Plessingstraße - Kremerstraße - Krummacherstraße - Düsseldorfer Straße - Lehmbruckmuseum (Zwischenkundgebung) - Düsseldorfer Straße - Friedrich-Wilhelm-Straße - Mercatorstraße - Königstraße - König-Heinrich-Platz ,800
28,2023-01-30 00:00:00,K,Kundgebung anlässlich des 3. Jahrestages des rassistischen Anschlags von Hanau ,2023-02-18 00:00:00,2023-02-18,14:00 - 17:00,"König-Heinrich-Platz, zwischen dem Foum und dem City-Palais",50
29,2023-01-30 00:00:00,K,Kritik an Missständen in der Massentierhaltung,2023-01-31 00:00:00,2023-01-31,18:00 - 19:30,"Kreuzung Sternbuschweg, Koloniestraße (Duisburg-Neudorf)",ca. 10
30,2023-01-31 00:00:00,A (K),Frauenkampftag,2023-03-08 00:00:00,2023-03-08,16:00 - 20:00,Königstraße (Auftaktkundgebung zwischen Forum und schwebenden Gärten) - Königstraße - Kuhstraße - Steinsche Gasse - Friedrich-Wilhelm-Straße - Mercatorstraße - Königstraße (Abschlusskundgebung zwischen Forum und schwebenden Gärten),50 - 100
31,2023-01-31 00:00:00,K,Baumschützer*innen geben nicht auf. Erhalt der Platanenan der Wedauer Straße.,2023-02-09 00:00:00,2023-02-09,14:00 - 15:30,"König-Heinrich-Platz. Ecke Landfermannstraße, vor dem City-Palais",20
32,2023-02-05 00:00:00,A (K),Hanau gedenken,2023-02-18 00:00:00,2023-02-18,17:00 - 21:00,König-Heinrich-Platz – Kuhstraße -  Steinische Gasse – Heerstraße - Wanheimerstraße – Pauluskirche (Abschlusskundgebung).,40 - 50
33,2023-02-06 00:00:00,K,Warnstreik/Kundgebung unter freiem Himmel im Rahmen der Entgeltrahmentarifverhandlung bei der Merkur Spielbank Duisburg,2023-02-11 00:00:00,2023-02-11,12:00 - 14:00 ,König-Heinrich-Platz,150
34,2023-02-06 00:00:00,A (K),Tarifrunde öffentlicher Dienst,2023-02-15 00:00:00,2023-02-15,09:00 - 12:30,"Averdunkplatz (Auftaktkundgebung) – Königstraße – Königstraße 23 – 25, ggü. der Sparkasse (Zwischenkundgebung) – Königstraße – Kuhtor – Kuhstraße – Schwanenstraße – Burgplatz, Rathaus Duisburg (Abschlusskundgebung).",ca. 350
35,2023-02-09 00:00:00,K,#NichtAufUnseremRücken,2023-02-09 00:00:00,2023-02-09,16:00 - 18:00 ,Hamborn Rathaus auf Höhe der Rathausstraße 4,5-10
36,2023-02-08 00:00:00,K,LASST UNS VEREINEN-UND DEN FASCHISMUS VERURTEILEN!,2023-02-10 00:00:00,2023-02-10,15:00 - 17:00,August-Bebel-Platz,30
37,2023-02-08 00:00:00,K,LASST UNS VEREINEN-UND DEN FASCHISMUS VERURTEILEN!,2023-02-10 00:00:00,2023-02-10,15:00 - 17:00 ,"Von-der-Mark-Straße 50, 47137 Duisburg, gegenüber der Neuen Apotheke in Meiderich",25
38,2023-02-10 00:00:00,K,Info zur Aufarbeitung des Corona-Unrechts - Ende der Sanktionen,2023-02-13 00:00:00,2023-02-13,18:00 - 20:00,"Königstraße 48, Düsenfeld vor dem Forum Duisburg",10
39,2023-02-12 00:00:00,A (K),"nicht der erdbeben töten, sondern profit",2023-02-14 00:00:00,2023-02-14,17:00 - 18:00,"König-Heinrich-Platz bis Kuhtor, danach Kehrtwende",ca. 100
40,2023-02-13 00:00:00,A (K),Am 15. Februar 1999 wurde Herr Abdullah Öcalan in Kenia in die Türkei entführt. Wir fordern ein Ende der Isolationspolitik und die sofortige Freilassung von Öcalan.,2023-02-15 00:00:00,2023-02-15,17:30 - 20:00,Königstraße 48 (Auftaktkundgebung) - Königstraße - Kuhstraße - Kuhstraße/ Steinische Gasse (Zwischenkundgebung auf der Kuhstraße) - Königstraße 48 (Abschlusskundgebung),ca. 200
41,2023-02-13 00:00:00,K,Interreligiöses Gebet für Erdbebenopfer,2023-02-15 00:00:00,2023-02-15,17:00 - 18:00,Rathausvorplatz /Burgplatz,3000
42,2023-02-16 00:00:00,A (K),Tarifrunde öffentlicher Dienst,2023-02-28 00:00:00,2023-02-28,08:00 - 16:00,"Am Unkelstein 43 (Auftaktkundgebung, DVG Betriebshof) – Max-Peters-Straße – Schifferstraße – Am Innenhafen – Stapeltor – Oberstraße – Poststraße – Burgplatz (Abschlusskundgebung ab 10 Uhr).",1700
43,2023-02-16 00:00:00,A (K),Tarifrunde öffentlicher Dienst,2023-02-28 00:00:00,2023-02-28,08:00 - 16:00,"Zur Kupferhütte (Auftaktkundgebung, WBD-Recycling- und Betriebshof) – Werthauser Straße – Charlottenstraße – Julius-Weber-Straße – Bungerstraße (Zwischenkundgebung, Zusammentreff mit der DVV-Verwaltung) – Heerstraße – Steinsche Gasse – Poststraße – Burgplatz (Abschlusskundgebung ab 10 Uhr).",1700
44,2023-02-16 00:00:00,A (K),Tarifrunde öffentlicher Dienst,2023-02-28 00:00:00,2023-02-28,08:00 - 16:00,Portsmouthplatz (Auftaktkundgebung) – Mercatorstraße – Königstraße – Kuhtor – Kuhstraße – Steinsche Gasse – Poststraße – Burgplatz (Abschlusskundgebung ab 10 Uhr).,1700
45,2023-02-15 00:00:00,K,"Anstehende Fällung der Bäume, Wedauer Straße",2023-02-18 00:00:00,2023-02-18,10:00 - 12:00,Nordseite der Wedauer Straße und Masurenallee ,100
46,2023-02-16 00:00:00,K,Solidaritätsversammlung für die Erdbebenopfer,Samstag,2023-02-18,18:00-19:00,Hochemmericher Marktplatz Rheinhausen,200-300
47,2023-02-16 00:00:00,K,"Fukushima Jahrestag - Raus aus der Atomkraft, 100% Erneuerbare jetzt",2023-03-11 00:00:00,2023-03-11,10:00-17:00,"Duisburg Innenstadt, Königstraße vor der Forum / König-Heinrich-Platz (Nach Möglichkeit zwischen den Bäumen)",30
48,2023-02-17 00:00:00,A (K),Globaler Klimastreik,2023-03-03 00:00:00,2023-03-03,16:00-19:00,Königstr. - Landgerichtsstr. - Friedrich-Albert-Lange-Platz - Neckarstraße - Kardinal-Galen-Straße - Stapeltor - Oberstraße - Poststraße - Steinsche Gasse - Kuhstraße - Königstraße,500
49,2023-02-18 00:00:00,A (K),8.März - Weltfrauentag,2023-03-08 00:00:00,2023-03-08,17:00-22:00,"Dellplatz (Auftaktkundgebung) - Wallstr. - Friedrich-Wilhelm-Str., Mercatorstr. - Saarstr. - Landfermannstr. - Friedrich-Albert-Lange Platz - Pulverweg, Stapeltor (Zwischenkundgebung) - Oberstr. - Poststr. - Steinsche Gasse, Friedrich Wilhelm Platz, Goldstr. - Dellplatz (Abschlusskundgebung)",150
50,2023-02-21 00:00:00,K,"Wir protestieren gegen die Inhaftierung der revolutionären Künstler und fordern ihre Freilassung. Wir rufen alle dazu auf, uns zu vereinen und gemeinsam den Faschismus zu verurteilen.",2023-02-23 00:00:00,2023-02-23,11:00 - 14:00,Hamborner Altmarkt 28-32,25
51,2023-02-20 00:00:00,K,"Wir protestieren gegen die Inhaftierung der revolutionären Künstler und fordern ihre Freilassung. Wir rufen alle dazu auf, uns zu vereinen und gemeinsam den Faschismus zu verurteilen.",2023-02-25 00:00:00,2023-02-25,15:00 - 17:00,"Lifesaver Brunnen, Duisburg Königstraße",ca. 25
52,2023-02-14 00:00:00,A (K),Kundgebung im Rahmen des Stahlaktionstags der IG Metall,2023-03-09 00:00:00,2023-03-09,09:00 - 12:00,"Ehinger Straße 200 (Fa. Hüttenwerk Krupp Mannesmann GmbH, Auftaktkundgebung) – Mannesmann Tor 1 – Mannesmannstraße – Mannesmann Tor 2 – Mannesmannstraße/ Kreuzung Klettenweg, Richtung Tor 9 – Mannesmann Tor 3 (Abschlusskundgebung)",800
53,2023-02-09 00:00:00,K,Internationaler Frauentag,2023-03-08 00:00:00,2023-03-08,16:00 - 20:00,"Königstraße 48, Düsenfeld vor dem Forum Duisburg",50 - 100
54,2023-02-26 00:00:00,K,"Tierrechte, Veganismus",2023-03-11 00:00:00,2023-03-11,14:30 - 17:30 ,"Lifesaver Brunnen, Duisburg Königstraße",10-25
55,2023-02-26 00:00:00,K,"Tierrechte, Veganismus",2023-03-25 00:00:00,2023-03-25,14:30 - 17:30,Königstraße 48 (Forum),10-25
56,2023-02-28 00:00:00,K,Kundgebung anlässlich zum Tag der politischen Gefangenen ,2023-03-18 00:00:00,2023-03-18,15:00 - 18:00,König-Heinrich-Platz (vor den hängenden Gärten),30
57,2023-02-28 00:00:00,K,Warnstreik/Kundgebung unter freiem Himmel im Rahmen der Entgeltrahmentarifverhandlung bei der Merkur Spielbank Duisburg,2023-03-03 00:00:00,2023-03-03,16:00 - 17:00,"Averdunkplatz, 47051 Duisburg",150
58,2023-02-28 00:00:00,K,Tarifvertrag Digitalisierung IKEA,2023-03-04 00:00:00,2023-03-04,09:00 - 12:00,"IKEA Duisburg, Beeckerstraße 80, 47166 Duisburg",35
59,2023-02-28 00:00:00,K,Kundgebung zu aktuellen Entwicklungen,2023-03-06 00:00:00,2023-03-06,17:30 - 18:45,"Lifesaver Brunnen, Duisburg Königstraße",30 - 40
60,2023-03-02 00:00:00,K,Freilassung von Julian Assange,2023-03-11 00:00:00,2023-03-11,10:00 - 14:00,"Angermunderstraße 2, 47269 Duisburg (vor dem Gleis 3)",10
61,2023-02-27 00:00:00,A (K),"Tarifrunde öffentlicher Dienst, Branchenstreiktag Sozial- und Erziehungsdienst",2023-03-08 00:00:00,2023-03-08,09:00 - 13:00,"Rathausvorplatz Bezirksrathaus Hamborn (Auftaktkundgebung) – Duisburger Straße – Alleestraße – Richterstraße 38, Altmarkt Hamborn (Zwischenkundgebung) – Rathausstraße – Rathausvorplatz Bezirksrathaus Hamborn (Abschlusskundgebung)",200 - 300
62,2023-03-01 00:00:00,A (K),Der 12 Jahrestag der syrischen Revolution,2023-03-18 00:00:00,2023-03-18,14:00 - 17:00,"Königstraße 48 (Auftaktkundgebung) - Königstraße -  Mercatorstraße - Düsseldorfer Straße - Düsseldorfer Straße/ Königstraße, dortiger Lifesaver Brunnen (Abschlusskundgebung) ",ca. 100
63,2023-03-07 00:00:00,A (K),Antworten auf die Fragen rund um den Todesfall von Refat Süleyman,2023-03-26 00:00:00,2023-03-26,13:00 - 17:00,Steinbruchstraße (Auftaktkundgebung) - Koloniestraße 72 (Abschlusskundgebung),200-300
64,-,K,Internation Art Front Veranstaltung,2023-03-11 00:00:00,2023-03-11,18:00 - 23:30,Theater am Marientor,ca. 1.000
65,2023-03-08 00:00:00,M,Verlust unserer Arbeitsplätze,2023-03-08 00:00:00,2023-03-08,16:30 - 17:30,Friedrich-Wilhelm- Straße 96 in 47051 Duisburg. ,10
66,2023-03-08 00:00:00,K,Hoffnung durch Glaube. Gegen Hass und Gewalt für Frieden und Nächstenliebe!,2023-05-09 00:00:00,2023-05-09,13:30 - 18:30 ,August-Bebel-Platz,10
67,2023-03-08 00:00:00,K,Hoffnung durch Glaube. Gegen Hass und Gewalt für Frieden und Nächstenliebe!,2023-05-10 00:00:00,2023-05-10,13:30 - 18:30,August-Bebel-Platz,10
68,2023-03-08 00:00:00,K,Hoffnung durch Glaube. Gegen Hass und Gewalt für Frieden und Nächstenliebe!,2023-05-11 00:00:00,2023-05-11,13:30 - 18:30 ,August-Bebel-Platz,10
69,2023-03-08 00:00:00,K,Hoffnung durch Glaube. Gegen Hass und Gewalt für Frieden und Nächstenliebe!,2023-05-12 00:00:00,2023-05-12,13:30 - 18:30,August-Bebel-Platz,10
70,2023-03-08 00:00:00,K,Hoffnung durch Glaube. Gegen Hass und Gewalt für Frieden und Nächstenliebe!,2023-05-13 00:00:00,2023-05-13,13:30 - 18:30,August-Bebel-Platz,10
71,2023-03-10 00:00:00,M,Mahnwache für die Mitarbeitenden der Arztrufzentrale Duisburg,2023-03-14 00:00:00,2023-03-14,14:30 - 16:30,"Portsmouthplatz 1, 47051 Duisburg",40
72,2023-03-15 00:00:00,A (K),"Traditionelles kurdisches Newroz-Fest, Wahlen in der Türkei, Freiheit Öcalans ",2023-03-20 00:00:00,2023-03-20,16:00 - 20:00,Amtsgericht Hamborn - Weseler Straße - August-Bebel-Platz (Abschlusskundgebung),150
73,2023-03-20 00:00:00,A (K),Heraus zum 1. Mai,2023-04-30 00:00:00,2023-04-30,18:00 - 21:00,König Heinrich Platz (Auftaktkundgebung)  – Königstraße -  Kuhstraße -  Steinsche Gasse – Plessingstraße -  Heerstraße -  Wanheimerstraße -  Platz vor der Pauluskirche (Abschlusskundgebung),150
74,2023-03-20 00:00:00,A (K),EVG Tarifrunde 2023,2023-03-27 00:00:00,2023-03-27,05:00 - 12:00,Hansastraße 15 - Mülheimer Straße - Neudorfer Straße - Koloniestraße - Portsmouthplatz (Zwischenkundgebung) - Mercatorstraße - Saarstraße - Landfermannstraße - Opernplatz - Köhnenstraße - Gutenbergstraße - Poststraße - Steinsche Gasse - Plessingstraße - Kremerstraße - Mercatorstraße - Portsmouthplatz (Abschlusskundgebung),600
75,2023-03-21 00:00:00,A (K),Ride of Silence,2023-05-17 00:00:00,2023-05-17,19:00 - 21:00,"Lifesaver Brunnen (Auftaktkundgebung) - Königstraße - Kuhtor - Schwanenstraße - Ruhrorter Straße - Speditionsinsel am Geisterrad (Zwischenkundgebung) - Hafenstraße - Ruhrorter Verteilerkreis, am Geisterrad (Zwischenkundgebung) - Hafenstraße - Ruhrorter Straße - Schwanenstraße/ Steinsche Gasse (Zwischenkundgebung) - Kuhtor - Königstraße - Lifesaver Brunnen (Abschlusskundgebung)",50
76,2023-03-23 00:00:00,K,Kundgebung zur Förderung von christlichen Werten,2023-04-11 00:00:00,2023-04-11,11:00 - 16:00,"Königstraße 48, gegenüber dem Forum, neben dem Treppenabgang der U-Bahn",6-12
77,2023-03-26 00:00:00,K,"Tierrechte, Veganismus",2023-04-08 00:00:00,2023-04-08,14:30 - 17:30,Königstraße 48 (Forum),10-25
78,2023-03-26 00:00:00,K,"Tierrechte, Veganismus",2023-04-22 00:00:00,2023-04-22,14:30 - 17:30,Königstraße 48 (Forum),10-25
79,2023-03-27 00:00:00,M,Mahnwache der Beschäftigten der Arztnotrufzentrale NRW,2023-03-29 00:00:00,2023-03-29,14:00 - 16:00,Portsmouthplatz,20
80,2023-03-28 00:00:00,K,Wo sind die Wurzeln unserer christlichen Grundwerte ?,2023-04-01 00:00:00,2023-04-01,11:00 - 14:00,"Königstraße 1a, gegenüber dem Forum",20
81,2023-03-28 00:00:00,K,Protestaktion gegen die Schließung der Galeria Karstadt Kaufhof GmbH Filiale an der Düsseldorfer Str.32,2023-04-02 00:00:00,2023-04-02,13:00 - 15:00,"Düsseldorfer Straße 32 in 47051 Duisburg, Vorplatz vor der Galeria Filiale",150
82,2023-03-28 00:00:00,M,"Gute Kriege, Schlechte Kriege",2023-04-01 00:00:00,2023-04-01,12:00 - 14:00,"verkehrsberuhigter Bereich auf der Landfermannstraße, zwischen dem City Palais und dem Theater Duisburg",15-25
83,2023-03-28 00:00:00,K,Kundgebung zu aktuellen Entwicklungen,2023-04-03 00:00:00,2023-04-03,17:30 - 18:45,"Lifesaver Brunnen, Duisburg Königstraße",30 - 40
84,2023-03-29 00:00:00,K,Gegen die menschenunwürdigen Taskforce-Einsätze,2023-03-29 00:00:00,2023-03-29,10:00 - 16:00,Gitschiner Straße 33,10
85,2023-01-26 00:00:00,A (K),1. Mai 2023 - Tag der Arbeit,2023-05-01 00:00:00,2023-05-01,10:00 - 13:00,Duisburger Straße - Alleestraße - Emscherstraße bis zum Landschaftspark Nord - Kundgebung auf der Bühne vor dem Gasometer,4000
86,2023-03-30 00:00:00,K,"Freiheit für Herrn Abdullah Öcalan. Wir möchten Ihn vorstellen, wer er ist, warum er für sein Volk sehr wichtig ist, seine Werke vorstellen und was wir fordern. ",2023-04-04 00:00:00,2023-04-04,12:00 - 16:00,Königstraße 48 (Forum),30
87,2023-03-30 00:00:00,K,"Freiheit für Herrn Abdullah Öcalan. Wir möchten Ihn vorstellen, wer er ist, warum er für sein Volk sehr wichtig ist, seine Werke vorstellen und was wir fordern. ",2023-04-11 00:00:00,2023-04-11,15:00 - 19:00,Lifesaver-Brunnen,30
88,2023-04-02 00:00:00,M,Eine neue Woche eine neue Mahnwache der Mitarbeitenden der Arztrufzentrale NRW,2023-04-05 00:00:00,2023-04-05,14:30 - 16:30,Portsmouthplatz,30
89,2023-04-04 00:00:00,M,Eine neue Woche eine neue Mahnwache der Mitarbeitenden der Arztrufzentrale NRW,2023-04-12 00:00:00,2023-04-12,14:00 - 16:00,Portsmouthplatz,30
90,2023-04-04 00:00:00,M,Eine neue Woche eine neue Mahnwache der Mitarbeitenden der Arztrufzentrale NRW,2023-04-19 00:00:00,2023-04-19,14:30 - 16:30 ,Portsmouthplatz,30
91,2023-04-04 00:00:00,M,Eine neue Woche eine neue Mahnwache der Mitarbeitenden der Arztrufzentrale NRW,2023-04-26 00:00:00,2023-04-26,14:30 - 16:30 ,Portsmouthplatz,30
92,2023-04-05 00:00:00,K,Tarifrunde Galeria Karstadt Kaufhof,2023-04-12 00:00:00,2023-04-12,08:00 - 12:00,"Haupteingang der Galeria Karstadt Kaufhof Filiale, Düsseldorfer Straße",70
93,2023-04-05 00:00:00,K,Tarifrunde ikea,2023-04-14 00:00:00,2023-04-14,08:00 - 12:00,"vor der Einfahrt des IKEA Duisburg, Beeckerstraße 80 ",70
94,2023-04-05 00:00:00,K,Tarifrunde ikea,2023-04-15 00:00:00,2023-04-15,08:00 - 12:00,"vor der Einfahrt des IKEA Duisburg, Beeckerstraße 80 ",70
95,2023-04-06 00:00:00,A (K),"KIDICAL MASS, 
Fahrrad-Demo mit und für Kinder und Jugendliche ",2023-05-07 00:00:00,2023-05-07,15:00 - 17:30,Wedauer Markt (Auftaktkundgebung) - an den Platanen - zur Wolfskuh - Wedauer Straße - Masurenallee - Wedauer Brücke - Bissingheimer Straße - Präsident-Marx-Platz - Kurt-Heintze-Straße - zum Ellenberg - Hermann-Grothe-Straße - Finkenschlag - Märchenweg - Hermann-Grothe-Straße - Grundschule Bissingheim (Zwischenkundgebung) - am Brunnen - Bissingheimer Straße - Wedauer Brücke - Masurenallee - Wedauer Straße - Rüsternstraße - an den Platanen - Wedauer Markt (Zwischenkundgebung) - an den Platanen - zur Wolfskuh - Wedauer Straße -  Masurenallee - Wedauer Brücke - Bissingheimer Straße - Präsident-Marx-Platz - Kurt-Heintze-Straße - zum Ellenberg - Hermann-Grothe-Straße - Finkenschlag - Märchenweg - Hermann-Grothe-Straße - Grundschule Bissingheim,50
96,2023-04-12 00:00:00,K,Wahlen in der Türkei,2023-04-29 00:00:00,2023-04-29,14:00 - 17:30,Königstraße 48 (Forum),150 -200
97,2023-04-16 00:00:00,K,Tag des Baumes,2023-04-25 00:00:00,2023-04-25,14:30 - 18:30,Königstraße 48 (Forum),10
98,2023-04-14 00:00:00,K,Versammlung gegen die Tierhaltung des Circus Traber am 1.5.,2023-05-01 00:00:00,2023-05-01,13:30 - 15:00,"Kreuzung Gerlingstraße, Barbarastraße in 47167 Duisburg",max. 10
99,2023-04-18 00:00:00,K,Tag der Befreiung vom Hitlerfaschismus,2023-05-08 00:00:00,2023-05-08,17:00 - 19:00,König-Heinrich-Platz,30
100,2023-04-18 00:00:00,A (K),EVG Tarifrunde 2023 Warnstreik,2023-04-21 00:00:00,2023-04-21,03:30 - 11:00,Hansastraße 15 - Mülheimer Straße - Neudorfer Straße - Koloniestraße Portsmouthplatz (Zwischenkundgebung) - Friedrich-Wilhelm-Straße - Steinsche Gasse - Gutenbergstraße - Köhnenstraße - Landfermannstraße - Portsmouthplatz,600
101,2023-04-19 00:00:00,K,Wahlen in der Türkei,2023-04-20 00:00:00,2023-04-20,11:00 - 14:00,Hamborn Altmarkt,10
102,2023-04-19 00:00:00,K,Wahlen in der Türkei,2023-04-22 00:00:00,2023-04-22,12:00 -15:00,"Königstraße, vor dem City Palais",10
103,2023-04-19 00:00:00,K,Wahlen in der Türkei,2023-04-24 00:00:00,2023-04-24,11:00 - 13:00,"August-Bebel-Platz 20, vor dem dortigen „Marxloh Center“",10
104,2023-04-19 00:00:00,K,Wahlen in der Türkei,2023-04-25 00:00:00,2023-04-25,11:00 - 14:00,"Hamborner Altmarkt 28, vor der dortigen Bäckerei „Ikbal“",10
105,2023-04-21 00:00:00,A (K),"KIDICAL MASS, Fahrrad-Demo mit und für Kinder und Jugendliche",2023-06-18 00:00:00,2023-06-18,15:00 - 16:30,Alfred-Hitz-Platz (Auftaktkundgebung) - Steinacker - Kreuzacker - Jägerstraße - Lindenallee - Ulmenstraße - Am Buchenbusch - Rheingoldstraße - Bachstraße - Kronprinzenstraße - Walter-Rathenau-Straße - Kaiserstraße (Abschlusskundgebung),50 - 100
106,2023-04-24 00:00:00,K,"Tierrechte, Veganismus",2023-05-04 00:00:00,2023-05-04,17:00 - 20:00,Königstraße 48 (Forum),10 - 25
107,2023-04-24 00:00:00,K,"Tierrechte, Veganismus",2023-05-13 00:00:00,2023-05-13,14:30 - 17:30,Königstraße 48 (Forum),10 - 25
108,2023-04-24 00:00:00,K,"Tierrechte, Veganismus",2023-05-27 00:00:00,2023-05-27,14:30 - 17:30,Königstraße 48 (Forum),10 - 25
109,2023-04-26 00:00:00,M,"Mahnwache Arztrufzentrale NRW 
Anlass: Nach der Liqudation der Arztrufzentrale, fordern, wir, die Beschäftigten den Erhalt unserer Arbeitsplätze/ Sozialplanverhandlungen auf Augenhöhe",2023-05-03 00:00:00,2023-05-03,14:30 - 16:30,Portsmouthplatz,ca. 25
110,2023-04-26 00:00:00,M,"Mahnwache Arztrufzentrale NRW 
Anlass: Nach der Liqudation der Arztrufzentrale, fordern, wir, die Beschäftigten den Erhalt unserer Arbeitsplätze/ Sozialplanverhandlungen auf Augenhöhe",2023-05-10 00:00:00,2023-05-10,14:30 - 16:30,Portsmouthplatz,ca. 25
111,2023-04-26 00:00:00,M,"Mahnwache Arztrufzentrale NRW 
Anlass: Nach der Liqudation der Arztrufzentrale, fordern, wir, die Beschäftigten den Erhalt unserer Arbeitsplätze/ Sozialplanverhandlungen auf Augenhöhe",2023-05-17 00:00:00,2023-05-17,14:30 - 16:30,Portsmouthplatz,ca. 25
112,2023-04-26 00:00:00,M,"Mahnwache Arztrufzentrale NRW 
Anlass: Nach der Liqudation der Arztrufzentrale, fordern, wir, die Beschäftigten den Erhalt unserer Arbeitsplätze/ Sozialplanverhandlungen auf Augenhöhe",2023-05-24 00:00:00,2023-05-24,14:30 - 16:30,Portsmouthplatz,ca. 25
113,2023-04-26 00:00:00,M,"Mahnwache Arztrufzentrale NRW 
Anlass: Nach der Liqudation der Arztrufzentrale, fordern, wir, die Beschäftigten den Erhalt unserer Arbeitsplätze/ Sozialplanverhandlungen auf Augenhöhe",2023-05-31 00:00:00,2023-05-31,14:30 - 16:30,Portsmouthplatz,ca. 25
114,2023-04-27 00:00:00,K,Wahlen in der Türkei,2023-04-29 00:00:00,2023-04-29,10:00 - 13:00,"Hamborner Altmarkt 28, vor der dortigen Bäckerei „Ikbal“",10
115,2023-04-27 00:00:00,K,Wahlen in der Türkei,2023-05-02 00:00:00,2023-05-02,10:00 - 13:00,"Hamborner Altmarkt 28, vor der dortigen Bäckerei „Ikbal“",10
116,2023-04-27 00:00:00,K,Wahlen in der Türkei,2023-05-04 00:00:00,2023-05-04,10:00 - 13:00,"Hamborner Altmarkt 28, vor der dortigen Bäckerei „Ikbal“",10
117,2023-04-27 00:00:00,K,Wahlen in der Türkei,2023-05-06 00:00:00,2023-05-06,10:00 - 13:00,"Hamborner Altmarkt 28, vor der dortigen Bäckerei „Ikbal“",10
118,2023-05-03 00:00:00,K,Kundgebung zu aktuellen Entwicklungen,2023-05-08 00:00:00,2023-05-08,17:30 - 18:45,Lifesaver Brunnen,30 - 40
119,2023-05-02 00:00:00,K,Gedenken zum 78. Tag der Befreiung vom Naziterror (Ende des 2. Weltkriegs),2023-05-07 00:00:00,2023-05-07,12:00 - 12:45,"Duisburg Walsum, Platz der Erinnerung vor dem Denkmal für die Opfer des Nationalsozialismus",30-40
120,2023-05-04 00:00:00,K,Warnstreik,2023-05-09 00:00:00,2023-05-09,05:30 - 14:00,"Hochstraße 177, 47228 Duisburg",max. 50
121,2023-05-04 00:00:00,K,"Internationale Tag gegen Homo-, Bi- und Transphobie",2023-05-17 00:00:00,2023-05-17,18:00 - 20:00,König-Heinrich-Platz,5 - 10
122,2023-05-04 00:00:00,K,Kundgebung im Rahmen der Tarifbewegung der ZINQ Standorte Ruhrgebiete ,2023-05-05 00:00:00,2023-05-05,12:00 - 15:00,"vor dem Werksgelände der ZINQ Duisburg Gmbh & Co. KG, Paul-Rücker-Str. 6, 47059 Duisburg",40
123,2023-05-04 00:00:00,M,75 Jahre anhaltende Nakba,2023-05-15 00:00:00,2023-05-15,17:00 - 20:00,"Königstraße Ecke König-Heinrich-Platz, zwischen Springbrunnen und U-Bahn-Treppe",15
124,2023-05-09 00:00:00,K,Empty the Tanks 2023,2023-05-13 00:00:00,2023-05-13,11:00 - 15:00,"Mülheimer Straße 273, 47058 Duisburg (vor dem Haupteingang des Duisburger Zoos)",10
125,2023-05-11 00:00:00,K,Tarifrunde 2023 im Einzelhandel,2023-05-19 00:00:00,2023-05-19,08:00 - 12:00,"vor IKEA Duisburg, Auffahrt links, Beecker str. 80, 47166 Duisburg",80
126,2023-05-12 00:00:00,K,Stoppt Femizide!,2023-05-30 00:00:00,2023-05-30,19:00 - 20:30 ,Ecke Mercatorstraße/Cecilienstraße,10-15
127,2023-05-10 00:00:00,A (K),Antworten auf die Fragen rund um den Todesfall von Refat Süleyman,2023-05-19 00:00:00,2023-05-19,14:00 - 19:00,Weselerstraße 74 - Willy-Brandt-Ring - Kaiser-Wilhelm-Straße -thyssenkrupp Tor 1,150 - 200
128,2023-05-23 00:00:00,K, Repressionen gegen die kurdischen Einrichtungen und Aktivisten.  ,2023-05-26 00:00:00,2023-05-26,17:00 - 19:00,Königstraße 48 (Forum),80
129,2023-05-24 00:00:00,A (K),"IG Metall, verschiedene Geschäftsstellen aus NRW",2023-06-14 00:00:00,2023-06-14,11:00 - 13:30,Franz-Lenze-Straße - Kaiser-Wilhelm-Straße 100 (Abschlusskundgebung),6000 - 8000
130,2023-05-24 00:00:00,K,Streik Handel,2023-06-02 00:00:00,2023-06-02,08:00 - 12:00,"IKEA Duisburg, Beeckerstraße 80, 47166 Duisburg",120
131,2023-05-25 00:00:00,A (K),Internatialismus Leben Lassen,2023-06-17 00:00:00,2023-06-17,13:00 - 14:30,Portsmouthplatz (Auftaktkundgebung) - Friedrich-Wilhelm-Straße - Friedrich-Wilhelm-Platz - Steinsche Gasse – Gutenbergstraße -  Köhnenstraße – Friedrich-Albert-Lange-Platz - Landfermannstaße – Landgerichtsstraße (auf der linken Seite am Landgericht und Amtsgericht Duisburg vorbei) - König-Heinrich-Platz (vor den schwebenden Gärten),150
132,2023-05-28 00:00:00,K,"Tierrechte, Veganismus",2023-06-10 00:00:00,2023-06-10,14:30 - 17:30,Lifesaver-Brunnen,10 - 25
133,2023-05-28 00:00:00,K,"Tierrechte, Veganismus",2023-06-24 00:00:00,2023-06-24,14:30 - 17:30,Königstraße 48 (Forum),10 - 25
134,2023-05-29 00:00:00,K,"Mahnwache Arztrufzentrale NRW 
Anlass: Nach der Liqudation der Arztrufzentrale, fordern, wir, die Beschäftigten den Erhalt unserer Arbeitsplätze/ Sozialplanverhandlungen auf Augenhöhe",2023-06-07 00:00:00,2023-06-07,14:30 - 16:30,Portsmouthplatz,ca. 25
135,2023-05-29 00:00:00,K,"Mahnwache Arztrufzentrale NRW 
Anlass: Nach der Liqudation der Arztrufzentrale, fordern, wir, die Beschäftigten den Erhalt unserer Arbeitsplätze/ Sozialplanverhandlungen auf Augenhöhe",2023-06-14 00:00:00,2023-06-14,14:30 - 16:30,Portsmouthplatz,ca. 25
136,2023-05-29 00:00:00,K,"Mahnwache Arztrufzentrale NRW 
Anlass: Nach der Liqudation der Arztrufzentrale, fordern, wir, die Beschäftigten den Erhalt unserer Arbeitsplätze/ Sozialplanverhandlungen auf Augenhöhe",2023-06-21 00:00:00,2023-06-21,14:30 - 15:30,Portsmouthplatz,ca. 25
137,2023-05-29 00:00:00,K,"Mahnwache Arztrufzentrale NRW 
Anlass: Nach der Liqudation der Arztrufzentrale, fordern, wir, die Beschäftigten den Erhalt unserer Arbeitsplätze/ Sozialplanverhandlungen auf Augenhöhe",2023-06-28 00:00:00,2023-06-28,14:30 - 16:30,Portsmouthplatz,ca. 25
138,2023-05-30 00:00:00,M,Stillschweigender Protest,2023-06-03 00:00:00,2023-06-03,10:00 - 14:00,"Hamborner Altmarkt 28, vor der dortigen Bäckerei „Ikbal“",40 - 60
139,2023-05-30 00:00:00,M,Freiheit für Palästina!,2023-06-22 00:00:00,2023-06-22,17:00 - 19:30,"Königstraße Ecke König-Heinrich-Platz, zwischen Springbrunnen und U-Bahn-Treppe",15
140,2023-05-30 00:00:00,K,Freiheit für Lina - Unsere Solidarität gegen ihre Repression,2023-05-31 00:00:00,2023-05-31,19:00 - 21:00,König-Heinrich-Platz,20
141,2023-05-31 00:00:00,K,Kundgebung zu aktuellen Entwicklungen,2023-06-05 00:00:00,2023-06-05,17:30 - 18:45,Lifesaver-Brunnen,30 - 40
142,2023-06-02 00:00:00,M,,2023-06-05 00:00:00,2023-06-05,,,
143,2023-06-08 00:00:00,K,Ratsbeschluss zum Flächennutzungsplan,Montag,2023-06-12,14:00 - 15:00,"Duisburg, Seiteneingang zur Philharmie am Citypalais gegenüber Amtsgericht. ",20
144,2023-06-09 00:00:00,A (K),Stonewall Demonstration,2023-06-28 00:00:00,2023-06-28,18:00 - 21:00,König-Heinrich-Platz (Auftaktkundgebung) – Königstraße – Kuhstraße – Steinsche Gasse – Poststraße – Gutenbergstraße – Köhnenstraße – Friedrich-Albert-Lange-Platz – (Opernplatz) – Landfermannstraße – Königstraße – König-Heinrich-Platz (Abschlusskundgebung).,50
145,2023-06-10 00:00:00,K,Der Kapitalismus bedroht die Existenz der Menschheit,2023-06-23 00:00:00,2023-06-23,17:00 - 19:00,"Hochemmericher Markt
vor Marktforum",30 - 50
146,2023-06-12 00:00:00,K,Internationalismus,2023-06-14 00:00:00,2023-06-14,16:00 - 18.30,"König-Heinrich-Platz, vor dem Forum",10 - 15
147,2023-06-12 00:00:00,M,"Stoppt die Verfolgung von Falun Gong und den Organraub an leben-den Falun Gong Praktizierende in China, Falun Dafa ist Gut",2023-06-17 00:00:00,2023-06-17,11.30 - 16:30,Lifesaver Brunnen,bis 8
148,2023-06-07 00:00:00,A (K),Tarifrunde AWO NRW 1. Warnstreik,2023-06-28 00:00:00,2023-06-28,10:00 - 13:00,Philosophenweg 15 (Auftaktkundgebung) - Innenhafen - Stapeltor - Kardinal-Galen-Straße - Aakerfährstraße - Wintgenstraße - Wintgenstraße 63 - 71 (Zwischenkundgebung) - Oranienstraße - Saarstraße - Mercatorstraße - Zum Portsmouthplatz - Portsmouthplatz - Mercatorstraße - Königstraße - König-Heinrich-Platz (Abschlusskundgebung),3000
149,2023-06-13 00:00:00,A (K),Asylrecht muss bleiben,2023-06-24 00:00:00,2023-06-24,14:00 - 16:00,Portsmouthplatz (Auftaktkundgebung) – Friedrich-Wilhelm-Str. – Friedrich-Wilhelm-Platz – Sonnenwall – Kuhstr. – Königstr. / Düsseldorfer Str. / Lifesaver- Brunnen (Zwischenkundgebung) – Königstr. – Landgerichtsstr. – Friedrich-Albert-Lange-Platz – Landfermannstr. / König-Heinrich-Platz (Abschlusskundgebung).,150 - 200
150,2023-06-14 00:00:00,K,Kundgebung zur Förderung von christlichen Werten,2023-06-27 00:00:00,2023-06-27,11:00 - 18:00,"Königstraße 48, gegenüber dem Forum, neben dem Treppenabgang der U-Bahn",6 - 12
151,2023-06-16 00:00:00,K,Gegen die geplante Asylrechtsverschärfung,2023-06-19 00:00:00,2023-06-19,17:30 - 19:30,König-Heinrich-Platz,80
152,2023-06-19 00:00:00,K,Operation Freiheit für die Delfine im Duisburger Zoo 2023,2023-06-22 00:00:00,2023-06-22,11:00 - 13:00,"Duisburger Zoo, Haupteingang, Mühlheimer Str. 273, 47058 Duisburg",3
153,2023-06-19 00:00:00,K,Operation Freiheit für die Delfine im Duisburger Zoo 2024,2023-06-23 00:00:00,2023-06-23,11:00 - 13:00,"Duisburger Zoo, Haupteingang, Mühlheimer Str. 273, 47058 Duisburg",3
154,2023-06-19 00:00:00,K,Operation Freiheit für die Delfine im Duisburger Zoo 2025,2023-06-24 00:00:00,2023-06-24,11:00 - 13:00,"Duisburger Zoo, Haupteingang, Mühlheimer Str. 273, 47058 Duisburg",10
155,2023-06-19 00:00:00,K,Operation Freiheit für die Delfine im Duisburger Zoo 2026,2023-06-25 00:00:00,2023-06-25,11:00 - 13:00,"Duisburger Zoo, Haupteingang, Mühlheimer Str. 273, 47058 Duisburg",10
156,2023-06-19 00:00:00,K,Operation Freiheit für die Delfine im Duisburger Zoo 2027,2023-06-26 00:00:00,2023-06-26,11:00 - 13:00,"Duisburger Zoo, Haupteingang, Mühlheimer Str. 273, 47058 Duisburg",3
157,2023-06-19 00:00:00,K,Operation Freiheit für die Delfine im Duisburger Zoo 2028,2023-06-27 00:00:00,2023-06-27,11:00 - 13:00,"Duisburger Zoo, Haupteingang, Mühlheimer Str. 273, 47058 Duisburg",3
158,2023-06-19 00:00:00,K,Operation Freiheit für die Delfine im Duisburger Zoo 2029,2023-06-28 00:00:00,2023-06-28,11:00 - 13:00,"Duisburger Zoo, Haupteingang, Mühlheimer Str. 273, 47058 Duisburg",3
159,2023-06-19 00:00:00,K,Operation Freiheit für die Delfine im Duisburger Zoo 2030,2023-06-29 00:00:00,2023-06-29,11:00 - 13:00,"Duisburger Zoo, Haupteingang, Mühlheimer Str. 273, 47058 Duisburg",3
160,2023-06-19 00:00:00,K,Operation Freiheit für die Delfine im Duisburger Zoo 2031,2023-06-30 00:00:00,2023-06-30,11:00 - 13:00,"Duisburger Zoo, Haupteingang, Mühlheimer Str. 273, 47058 Duisburg",3
161,2023-06-19 00:00:00,K,Operation Freiheit für die Delfine im Duisburger Zoo 2032,2023-07-01 00:00:00,2023-07-01,11:00 - 13:00,"Duisburger Zoo, Haupteingang, Mühlheimer Str. 273, 47058 Duisburg",10
162,2023-06-19 00:00:00,K,Operation Freiheit für die Delfine im Duisburger Zoo 2033,2023-07-02 00:00:00,2023-07-02,11:00 - 13:00,"Duisburger Zoo, Haupteingang, Mühlheimer Str. 273, 47058 Duisburg",10
163,2023-06-19 00:00:00,K,Operation Freiheit für die Delfine im Duisburger Zoo 2034,2023-07-03 00:00:00,2023-07-03,11:00 - 13:00,"Duisburger Zoo, Haupteingang, Mühlheimer Str. 273, 47058 Duisburg",3
164,2023-06-19 00:00:00,K,Operation Freiheit für die Delfine im Duisburger Zoo 2035,2023-07-04 00:00:00,2023-07-04,11:00 - 13:00,"Duisburger Zoo, Haupteingang, Mühlheimer Str. 273, 47058 Duisburg",3
165,2023-06-19 00:00:00,K,Operation Freiheit für die Delfine im Duisburger Zoo 2036,2023-07-05 00:00:00,2023-07-05,11:00 - 13:00,"Duisburger Zoo, Haupteingang, Mühlheimer Str. 273, 47058 Duisburg",3
166,2023-06-19 00:00:00,K,Operation Freiheit für die Delfine im Duisburger Zoo 2037,2023-07-06 00:00:00,2023-07-06,11:00 - 13:00,"Duisburger Zoo, Haupteingang, Mühlheimer Str. 273, 47058 Duisburg",3
167,2023-06-19 00:00:00,K,Operation Freiheit für die Delfine im Duisburger Zoo 2038,2023-07-07 00:00:00,2023-07-07,11:00 - 13:00,"Duisburger Zoo, Haupteingang, Mühlheimer Str. 273, 47058 Duisburg",3
168,2023-06-19 00:00:00,K,Operation Freiheit für die Delfine im Duisburger Zoo 2039,2023-07-08 00:00:00,2023-07-08,11:00 - 13:00,"Duisburger Zoo, Haupteingang, Mühlheimer Str. 273, 47058 Duisburg",10
169,2023-06-19 00:00:00,K,Operation Freiheit für die Delfine im Duisburger Zoo 2040,2023-07-09 00:00:00,2023-07-09,11:00 - 13:00,"Duisburger Zoo, Haupteingang, Mühlheimer Str. 273, 47058 Duisburg",10
170,2023-06-19 00:00:00,K,Operation Freiheit für die Delfine im Duisburger Zoo 2041,2023-07-10 00:00:00,2023-07-10,11:00 - 13:00,"Duisburger Zoo, Haupteingang, Mühlheimer Str. 273, 47058 Duisburg",3
171,2023-06-19 00:00:00,K,Operation Freiheit für die Delfine im Duisburger Zoo 2042,2023-07-11 00:00:00,2023-07-11,11:00 - 13:00,"Duisburger Zoo, Haupteingang, Mühlheimer Str. 273, 47058 Duisburg",3
172,2023-06-19 00:00:00,K,Operation Freiheit für die Delfine im Duisburger Zoo 2043,2023-07-12 00:00:00,2023-07-12,11:00 - 13:00,"Duisburger Zoo, Haupteingang, Mühlheimer Str. 273, 47058 Duisburg",3
173,2023-06-19 00:00:00,K,Operation Freiheit für die Delfine im Duisburger Zoo 2044,2023-07-13 00:00:00,2023-07-13,11:00 - 13:00,"Duisburger Zoo, Haupteingang, Mühlheimer Str. 273, 47058 Duisburg",3
174,2023-06-19 00:00:00,K,Operation Freiheit für die Delfine im Duisburger Zoo 2045,2023-07-14 00:00:00,2023-07-14,11:00 - 13:00,"Duisburger Zoo, Haupteingang, Mühlheimer Str. 273, 47058 Duisburg",3
175,2023-06-19 00:00:00,K,Operation Freiheit für die Delfine im Duisburger Zoo 2046,2023-07-15 00:00:00,2023-07-15,11:00 - 13:00,"Duisburger Zoo, Haupteingang, Mühlheimer Str. 273, 47058 Duisburg",10
176,2023-06-19 00:00:00,K,Operation Freiheit für die Delfine im Duisburger Zoo 2047,2023-07-16 00:00:00,2023-07-16,11:00 - 13:00,"Duisburger Zoo, Haupteingang, Mühlheimer Str. 273, 47058 Duisburg",10
177,2023-06-19 00:00:00,K,Operation Freiheit für die Delfine im Duisburger Zoo 2048,2023-07-17 00:00:00,2023-07-17,11:00 - 13:00,"Duisburger Zoo, Haupteingang, Mühlheimer Str. 273, 47058 Duisburg",3
178,2023-06-19 00:00:00,K,Operation Freiheit für die Delfine im Duisburger Zoo 2049,2023-07-18 00:00:00,2023-07-18,11:00 - 13:00,"Duisburger Zoo, Haupteingang, Mühlheimer Str. 273, 47058 Duisburg",3
179,2023-06-19 00:00:00,K,Operation Freiheit für die Delfine im Duisburger Zoo 2050,2023-07-19 00:00:00,2023-07-19,11:00 - 13:00,"Duisburger Zoo, Haupteingang, Mühlheimer Str. 273, 47058 Duisburg",3
180,2023-06-19 00:00:00,K,Operation Freiheit für die Delfine im Duisburger Zoo 2051,2023-07-20 00:00:00,2023-07-20,11:00 - 13:00,"Duisburger Zoo, Haupteingang, Mühlheimer Str. 273, 47058 Duisburg",3
181,2023-06-19 00:00:00,K,Operation Freiheit für die Delfine im Duisburger Zoo 2052,2023-07-21 00:00:00,2023-07-21,11:00 - 13:00,"Duisburger Zoo, Haupteingang, Mühlheimer Str. 273, 47058 Duisburg",3
182,2023-06-19 00:00:00,K,Operation Freiheit für die Delfine im Duisburger Zoo 2053,2023-07-22 00:00:00,2023-07-22,11:00 - 13:00,"Duisburger Zoo, Haupteingang, Mühlheimer Str. 273, 47058 Duisburg",10
183,2023-06-19 00:00:00,K,Operation Freiheit für die Delfine im Duisburger Zoo 2054,2023-07-23 00:00:00,2023-07-23,11:00 - 13:00,"Duisburger Zoo, Haupteingang, Mühlheimer Str. 273, 47058 Duisburg",10
184,2023-06-19 00:00:00,K,Operation Freiheit für die Delfine im Duisburger Zoo 2055,2023-07-24 00:00:00,2023-07-24,11:00 - 13:00,"Duisburger Zoo, Haupteingang, Mühlheimer Str. 273, 47058 Duisburg",3
185,2023-06-19 00:00:00,K,Operation Freiheit für die Delfine im Duisburger Zoo 2056,2023-07-25 00:00:00,2023-07-25,11:00 - 13:00,"Duisburger Zoo, Haupteingang, Mühlheimer Str. 273, 47058 Duisburg",3
186,2023-06-19 00:00:00,K,Operation Freiheit für die Delfine im Duisburger Zoo 2057,2023-07-26 00:00:00,2023-07-26,11:00 - 13:00,"Duisburger Zoo, Haupteingang, Mühlheimer Str. 273, 47058 Duisburg",3
187,2023-06-19 00:00:00,K,Operation Freiheit für die Delfine im Duisburger Zoo 2058,2023-07-27 00:00:00,2023-07-27,11:00 - 13:00,"Duisburger Zoo, Haupteingang, Mühlheimer Str. 273, 47058 Duisburg",3
188,2023-06-19 00:00:00,K,Operation Freiheit für die Delfine im Duisburger Zoo 2059,2023-07-28 00:00:00,2023-07-28,11:00 - 13:00,"Duisburger Zoo, Haupteingang, Mühlheimer Str. 273, 47058 Duisburg",3
189,2023-06-19 00:00:00,K,Operation Freiheit für die Delfine im Duisburger Zoo 2060,2023-07-29 00:00:00,2023-07-29,11:00 - 13:00,"Duisburger Zoo, Haupteingang, Mühlheimer Str. 273, 47058 Duisburg",10
190,2023-06-19 00:00:00,K,Operation Freiheit für die Delfine im Duisburger Zoo 2061,2023-07-30 00:00:00,2023-07-30,11:00 - 13:00,"Duisburger Zoo, Haupteingang, Mühlheimer Str. 273, 47058 Duisburg",10
191,2023-06-19 00:00:00,K,Operation Freiheit für die Delfine im Duisburger Zoo 2062,2023-07-31 00:00:00,2023-07-31,11:00 - 13:00,"Duisburger Zoo, Haupteingang, Mühlheimer Str. 273, 47058 Duisburg",3
192,2023-06-19 00:00:00,K,Operation Freiheit für die Delfine im Duisburger Zoo 2063,2023-08-01 00:00:00,2023-08-01,11:00 - 13:00,"Duisburger Zoo, Haupteingang, Mühlheimer Str. 273, 47058 Duisburg",3
193,2023-06-19 00:00:00,K,Operation Freiheit für die Delfine im Duisburger Zoo 2064,2023-08-02 00:00:00,2023-08-02,11:00 - 13:00,"Duisburger Zoo, Haupteingang, Mühlheimer Str. 273, 47058 Duisburg",3
194,2023-06-19 00:00:00,K,Operation Freiheit für die Delfine im Duisburger Zoo 2065,2023-08-03 00:00:00,2023-08-03,11:00 - 13:00,"Duisburger Zoo, Haupteingang, Mühlheimer Str. 273, 47058 Duisburg",3
195,2023-06-19 00:00:00,K,Operation Freiheit für die Delfine im Duisburger Zoo 2066,2023-08-04 00:00:00,2023-08-04,11:00 - 13:00,"Duisburger Zoo, Haupteingang, Mühlheimer Str. 273, 47058 Duisburg",3
196,2023-06-19 00:00:00,K,Kundgebung zum Thema Familienpolitik,2023-06-30 00:00:00,2023-06-30,15:00 - 19:00,"Garten der Erinnerung, Philosophenweg 9, 47051 Duisburg",25
197,2023-06-20 00:00:00,K,Kundgebung zum Antikriegstag ,2023-09-01 00:00:00,2023-09-01,17:00 - 19:00,"König-Heinrich-Platz, zwischen Forum und CityPalais",50
198,2023-06-22 00:00:00,M,Freiheit für Palästina!,2023-06-29 00:00:00,2023-06-29,17:00 - 19:30,Lifesaver Brunnen,15
199,2023-06-23 00:00:00,M,Kundgebung gegen die Firma Haus & Grund aufgrund von Betrug (Hungerstreik),2023-07-14 00:00:00,2023-07-14,09:00 - offen,"Haus- und Grundeigentümer Groß Duisburg e.V., Dellstraße 30, 47051 Duisburg",mind. 3
200,2023-06-25 00:00:00,K,"Tierrechte, Veganismus",2023-07-08 00:00:00,2023-07-08,15:30 - 18:30,Forum (Königstraße 48),25
201,2023-06-26 00:00:00,K,"Tierrechte, Veganismus",2023-07-29 00:00:00,2023-07-29,15:30 - 18:30,Forum (Königstraße 48),25
202,2023-06-28 00:00:00,K,Freiheit für Palästina!,2023-08-05 00:00:00,2023-08-05,11:00 - 13:00,"Auf dem Hochfelder Markt, an der Ecke Saarbrücker Straße/Trautenaustraße",15
203,2023-06-28 00:00:00,K,Kundgebung zu aktuellen Entwicklungen,2023-07-03 00:00:00,2023-07-03,17.30 - 18.30,"Lifesaver Brunnen, Duisburg Königstraße",30 - 40
204,2023-07-04 00:00:00,A (K),Suruc Gedenken,2023-07-20 00:00:00,2023-07-20,18:00 - 21:00,Portsmouthplatz – Friedrich-Wilhelm-Straße – Düsseldorfer Straße/ Am Burgacker – Köhnenstraße – Friedrich-Albert-Lange-Platz – Landfermannstraße – Saarstraße – Mercatorstraße – Portsmouthplatz (Abschlusskundgebung).,50
205,2023-07-04 00:00:00,K,"Yallah Ausländerbehörde - Wir wollen Termine! Forderungen: Terminvergabesystem
verbessern, Wartezeiten verkürzen, mehr Personal einstellen, Erreichbarkeit für die
Menschen (telefonisch, E-Mail) gewährleisten",2023-07-24 00:00:00,2023-07-24,17:00 - 19:00,"Platz vor der Ausländerbehörde Homberg, Bismarckplatz 1, 47198 Duisburg",30
206,2023-07-04 00:00:00,K,"Yallah Ausländerbehörde - Wir wollen Termine! Forderungen: Terminvergabesystem
verbessern, Wartezeiten verkürzen, mehr Personal einstellen, Erreichbarkeit für die
Menschen (telefonisch, E-Mail) gewährleisten",2023-07-27 00:00:00,2023-07-27,17:00 - 19:00,"Platz hinter der Trinkhalle an der Rathausstraße 1, 47166 Duisburg",30
207,2023-07-04 00:00:00,A (K),"Yallah Ausländerbehörde - Wir wollen Termine! Forderungen: Terminvergabesystem
verbessern, Wartezeiten verkürzen, mehr Personal einstellen, Erreichbarkeit für die
Menschen (telefonisch, E-Mail) gewährleisten",2023-08-05 00:00:00,2023-08-05,11:00 - 13:30,"Portsmouthplatz (Auftaktkundgebung, 11:00 Uhr bis 11:30 Uhr) – Friedrich-Wilhelm-Straße – Friedrich-Wilhelm-Platz – Steinsche Gasse – Poststraße – Burgplatz (Abschlusskundgebung vor dem Duisburger Rathaus, 12:00 Uhr bis 13:30 Uhr)
",80
208,2023-07-04 00:00:00,K,Solidarität mit Frankreich ,2023-07-08 00:00:00,2023-07-08,17:00 - 18:30,"Duisburg Innenstadt, Lifesaver vor der Deutschen Bank",50
209,2023-07-06 00:00:00,K,"Infostand mit Flyerverteilung zu Thema World-TI-Day 2023 Gangstalking (Organisiertes Stalking), Mind Control und Folter elektromagnetische Waffen",2023-08-29 00:00:00,2023-08-29,10:00 - 20:00,"Duisburger Innenstadt, Königstraße am Forum",10 - 60
210,2023-07-08 00:00:00,A (K),Demo gegen Rechts,2023-07-20 00:00:00,2023-07-20,17:00 - 19:00,Neumarkt – Harmoniestraße – Friedrichsplatz – Friedrich-Ebert-Straße – Deichstraße – Apostelstraße (Museum der Deutschen Binnenschiffsfahrt).,150
211,2023-07-12 00:00:00,K,Streik Handel NRW,2023-07-18 00:00:00,2023-07-18,07:00 - 13:00,"IKEA Duisburg, Beeckerstraße 80, 47166 Duisburg",50
212,2023-07-24 00:00:00,A (K),"Protest gegen die Bergbaupolitik der RAG (Grubenwasserkonzept, Giftmüll unter Tage, Trinkwassergefährdung usw., Werbung für die 3. Internationale Bergarbeiterkonferenz, die Anfang September stattfinden wird. ",2023-08-19 00:00:00,2023-08-19,11:00 - 13:00,"Kometenplatz (Auftaktkundgebung, 11:00 Uhr  bis 11:20 Uhr) – Dr.-Hans-Boecklerstraße – Dr.-Wilhelm-Roelen-Straße – Horsterbrucherstraße – Schlosstraße – Waldstraße – Dr.-Wilhelm-Roelen-Straße – Dittfeldstraße – Am Rosengarten – Am Grünen Ring – Dr.-Wilhelm-Roelen-Straße – Friedrich-Ebert-Straße – Kometenplatz (Abschlusskundgebung, 12:30 Uhr bis 13:00 Uhr).",150 - 200
213,2023-07-28 00:00:00,A (K),"Öffentlichkeitswirksame Demonstration der Duisburger
Schulen im Netzwerk Schule ohne Rassismus-Schule mit
Courage gegen Diskriminierung und Rassismus",2023-09-20 00:00:00,2023-09-20,10:30 - 15:00,Portsmouthplatz - Mercatostraße - Königstraße - Steinsche Gasse - Schwanenstraße - Alter Markt - Brüderstraße - Flachsmarkt - Johannes-Corputius-Platz (Abschlusskundgebung),2400
214,2023-07-31 00:00:00,K,"Tierrechte, Veganismus",2023-08-12 00:00:00,2023-08-12,14:00 - 17:00,Forum (Königstraße 48),10 - 25
215,2023-07-31 00:00:00,K,Kundgebungen zu den aktuellen Entwicklungen,2023-08-07 00:00:00,2023-08-07,17:30 - 18:30,Lifesaver Brunnen,30 - 40
216,2023-07-31 00:00:00,A (K),Mehr Soziokultur für Duisburg!,2023-08-18 00:00:00,2023-08-18,15:00 - 19:00,Averdunkplatz (Auftaktkundgebung) – Königstraße – Kuhstraße – Steinsche Gasse – Friedrich-Wilhelm-Platz – Friedrich-Wilhelm-Straße – Düsseldorfer Straße – Friedenstraße – Wanheimer Straße – Liebigstraße – Parkplatz Rheinpark (Abschlusskundgebung),150
217,2023-07-31 00:00:00,K,Freiheit für Palästina!,2023-09-02 00:00:00,2023-09-02,11:00 - 13:00,"Am Hamborner Altmarkt, Hamborner Altmarkt 30, 47166 Duisburg ",10
218,2023-08-09 00:00:00,K,"Güterverkehr, Welthandel und Umweltzerstörung",2023-10-06 00:00:00,2023-10-06,13:30 - 14:30,"Hafenkanal, Ruhrorter Str. / Zum Container-Terminal",10
219,2023-08-10 00:00:00,A (K),Streik Handel zur Durchsetzung der Tarifforderungen,2023-08-18 00:00:00,2023-08-18,08:00 - 13:00,Burgplatz (Auftaktkundgebung 10:00 Uhr bis 11:30 Uhr) – Poststraße – Kuhstraße – Königstraße – Portsmouthplatz,450
220,2023-08-11 00:00:00,A (K),Gesundheitszustand und die Haftbedingungen Herrn Abdullah Öcalans,2023-09-06 00:00:00,2023-09-06,ca. 16:00 - 22:00,[…] - Mülheimer Straße – Landfermannstraße – Friedrich-Albert-Lange-Platz – Köhnenstraße – Gutenbergstraße – Poststraße – Steinische Gasse – Plessingstraße – Papendelle – Dellplatz – Grünstraße – Kremerstraße – Düsseldorfer Straße – Dellstraße – Dellplatz – Wallstraße – Friedrich-Wilhelm-Straße – Mercatorstraße – Portsmouthplatz (Abschlusskundgebung),150
221,2023-08-17 00:00:00,A (K),"KIDICAL MASS, ""Kinder aufs Rad"" Fahrraddemo für und mit Kindern und Jugendlichen ",2023-09-23 00:00:00,2023-09-23,14:15 - 16:15,"erster Aufzug: Ludgeriplatz - Blumenstraße - Neudorfer Straße - Alte Schanze - Koloniestraße - Kommanantenstraße - Karl-Lehr-Straße-  Karl-Jarresstraße - Gitschiner Straße - Hochfelder Markt (Ankunft 14:50 Uhr), zweiter Aufzug: Hochfelder Markt -Saarbrücker Straße - Gitschiner Straße - Musfeldstraße - Dickelsbachstraße - Friedenstraße - Heerstraße - Wanheimer Straße - Liebfrauenstraße - Brückenstraße - Eigenstraße - Wanheimer Straße - Rheinhauser Straße - Hochfeldstraße - Sedanstraße",50
222,2023-08-18 00:00:00,K,"""Stoppt Polizeimorde!""",2023-08-21 00:00:00,2023-08-21,18:00 - 20:00,"Einmündung Klever Str. /Essenberger Str. , auf dem dortigen Gehweg/Freifläche",10-20
223,2023-08-22 00:00:00,K,Antikriegstag 01.09.2023,2023-09-01 00:00:00,2023-09-01,17:00 - 19:00,"Lifesaver Brunnen, Duisburg Königstraße",50
224,2023-08-22 00:00:00,K,"Glaube,  Liebe,  Hoffnung- Gemeinsam durch die Krisen der heutigen Zeiten.  ",2023-12-09 00:00:00,2023-12-09,12:00 - 16:00,Portsmouthplatz,15
225,2023-08-23 00:00:00,K,Tiergefängnisse abschaffen!,2023-08-29 00:00:00,2023-08-29,15:30 - 16:30,"Duisburger Zoo, Haupteingang, Mühlheimer Str. 273, 47058 Duisburg",3 - 10
226,2023-08-25 00:00:00,K,Blue Blindfold,2023-10-18 00:00:00,2023-10-18,12:45 - 14:00,Forum (Königstraße 48),ca. 25
227,2023-08-27 00:00:00,K,"Tierrechte, Veganismus",2023-09-16 00:00:00,2023-09-16,14:00 - 17:00,Forum (Königstraße 48),10 - 25
228,2023-08-27 00:00:00,K,"Tierrechte, Veganismus",2023-09-30 00:00:00,2023-09-30,14.00 - 17:00,Forum (Königstraße 48),10 - 25
229,2023-08-26 00:00:00,K, Gezielte Drohnenngriffe gegen JIN TV Korrespondenten in Nordsyrien.,2023-08-26 00:00:00,2023-08-26,16:00 - 18:00,Hauptbahnhof Duisburg,100
230,2023-08-30 00:00:00,K,Freiheit für Palästina!,2023-10-19 00:00:00,2023-10-19,09.45 - 13:00,"Vor dem Uni Campus (LX-Gebäude, Bibliothek und U-Café) an der Lotharstraße gegenüber Einmündung Finkenstraße, 47057 Duisburg",5
231,2023-09-04 00:00:00,K,Kundgebung zu aktuellen Entwicklungen,2023-09-11 00:00:00,2023-09-11,17.30 - 18:30,"Lifesaver Brunnen, Duisburg Königstraße",30 - 40
232,2023-09-05 00:00:00,A (K),Klimastreik,2023-09-15 00:00:00,2023-09-15,14:30 - 19:30,Forum vor den schwebenden Gärten (Auftaktkundgebung) – Königstraße – Kuhtor - Kuhstraße – Steinsche Gasse – Poststraße – Gutenbergstraße - Köhnenstraße --Friedrich-Albert-Lange-Platz - Landfermannstraße - König-Heinrich-Platz (Abschlusskundgebung),100 - 200
233,2023-09-12 00:00:00,M,Bäume schützen,2023-09-18 00:00:00,2023-09-18,14:00 - 15.30,"König-Heinrich-Platz, Seiteneingang der Mercatorhalle",20
234,2023-09-15 00:00:00,K,Hoffnung durch Glaube. Gegen Hass und Gewalt für Frieden und Nächstenliebe!,2023-10-09 00:00:00,2023-10-09,13:30 - 18:30,August-Bebel-Platz,10
235,2023-09-15 00:00:00,K,Hoffnung durch Glaube. Gegen Hass und Gewalt für Frieden und Nächstenliebe!,2023-10-10 00:00:00,2023-10-10,13:30 - 18:30,August-Bebel-Platz,10
236,2023-09-15 00:00:00,K,Hoffnung durch Glaube. Gegen Hass und Gewalt für Frieden und Nächstenliebe!,2023-10-11 00:00:00,2023-10-11,13:30 - 18:30,August-Bebel-Platz,10
237,2023-09-15 00:00:00,K,Hoffnung durch Glaube. Gegen Hass und Gewalt für Frieden und Nächstenliebe!,2023-10-12 00:00:00,2023-10-12,13:30 - 18:30,August-Bebel-Platz,10
238,2023-09-19 00:00:00,K,"""Beameraktion"" zur Forderung eines Brückenstrompreis / bezahlbaren Industriestrompreis.
Beamer wird Oxygenstahlwerk von außen anstrahlen.",2023-09-26 00:00:00,2023-09-26,20:30 - 21:00,"thyssenkrupp Steel Europe AG, Wiese vor der Hauptverwaltung, 
Kaiser-Wilhelm-Straße 100, 47166 Duisburg",150 - 200
239,2023-09-19 00:00:00,K,Tarifrunde Einzelhandel 2023,2023-09-22 00:00:00,2023-09-22,09:00 - 13:00,"vor IKEA Duisburg, Beecker str. 80, 47166 Duisburg",130
240,2023-09-19 00:00:00,K,Drohnenangriffe auf die Zivilisten in kurdischen Gebieten,2023-09-20 00:00:00,2023-09-20,18:00 - 20:00,Portsmouthplatz,20 - 25
241,2023-09-24 00:00:00,A (K), Protestaktion gegen die Isolationshaft von kurdischem Politiker Herr Öcalan.  ,2023-10-07 00:00:00,2023-10-07,14:00 - 18:00,Portsmouthplatz - Mercatorstraße - Friedrich-Wilhelm-Straße - Friedrich-Wilhelm-Platz - Steinsche Gasse - Poststraße - Burgplatz (Zwischenkundgebung) - Poststraße- Kuhstraße - Kuhtor - Königstraße -Mercatorstraße - Portsmouthplatz,350 - 500
242,2023-09-26 00:00:00,K,Kundgebung zu aktuellen Entwicklungen,2023-10-02 00:00:00,2023-10-02,17:30 - 18:30,"Lifesaver Brunnen, Duisburg Königstraße ",30 - 40
243,2023-10-01 00:00:00,K,"Tierrechte, Veganismus",2023-10-14 00:00:00,2023-10-14,15:00 - 18:00,Forum (Königstraße 48),10 - 25
244,2023-10-01 00:00:00,K,"Tierrechte, Veganismus",2023-10-28 00:00:00,2023-10-28,15:00 - 18:00,Forum (Königstraße 48),10 - 25
245,2023-10-02 00:00:00,K,Femizide Stoppen!,2023-10-04 00:00:00,2023-10-04,18:00 - 20:00,Franz Lenze Platz,5 - 10 
246,2023-10-03 00:00:00,A (K),Tag gegen Gewalt an Frauen,2023-11-25 00:00:00,2023-11-25,14:00 - 20:00,Averdunkplatz Königstraße - Mercatorstraße - Friedrich-Wilhelm-Straße - Friedrich-Wilhelm-Platz - Steinsche Gasse - Poststraße - Schwanenstraße - Burgplatz (Rathaus) - Schwanenstraße - Poststraße - Steinsche Gasse - Friedrich-Wilhelm-Platz - Friedrich-Wilhelm-Straße - Mercatorstraße - Königstraße - Averdunkplatz,100 - 150
247,2023-10-04 00:00:00,K,Weltweit Solidarität mit Stadt Alswedah in Syrien ,2023-10-07 00:00:00,2023-10-07,17:15 - 19:00,König-Heinrich-Platz / Landfermannstraße,50 - 100
248,2023-10-05 00:00:00,K,"""Stoppt Gewalt an Frauen!""",2023-10-11 00:00:00,2023-10-11,17:00 - 19:30,König Heinrich Platz vor dem Forum an den Wiesen,30 - 50
249,2023-10-05 00:00:00,K,Angriffe auf die Zivilisten der türkischen Luftwaffe in Nordsyrien,2023-10-05 00:00:00,2023-10-05,18:00 - 20:00,Portsmouthplatz,80 -100
250,2023-10-06 00:00:00,M,Schluss mit Isolationshaft für den kurdischen Politiker Herr Abdullah Öcalan,2023-10-10 00:00:00,2023-10-10,13:00 - 15:00,König-Heinrich-Platz/ Königstraße,25
251,2023-10-08 00:00:00,A (K),Solidarität mit Gaza! Freiheit für Palästina,2023-10-09 00:00:00,2023-10-09,19:00 - 21:30,Brückenplatz (Auftaktkundgebung) - Heerstraße - Wanheimer Straße - Pauluskirche (Abschlusskundgebung),20
252,2023-10-09 00:00:00,K,Solidarität mit Israel,2023-10-09 00:00:00,2023-10-09,19:00 - 21:00,Wanheimer Straße / Karl-Jarres-Straße,ca. 12
253,2023-10-09 00:00:00,K,Arbeitskampf Einzelhandel (Tarif),2023-10-12 00:00:00,2023-10-12,09:30 - 12:30,"IKEA Duisburg, Beeckerstraße 80, 47166 Duisburg",120
254,2023-10-10 00:00:00,A (K),25.November Internationaler Tag gegen Gewalt an Frauen,2023-11-25 00:00:00,2023-11-25,15:00 - 18:00,Dellplatz - Wallstraße - Friedrich-Wilhelm-Straße - Friedrich-Wilhelm-Platz - Steinsche Gasse - Poststraße - Gutenbergstraße - Obermauerstraße - Königstraße - König-Heinrich-Platz - Amtsgericht (Abschlusskundgebung),100
255,2023-10-11 00:00:00,K,Aufstehen gegen Krieg,2023-10-14 00:00:00,2023-10-14,14:00 - 17:00,"Paulusstraße 10 in 47053 Duisburg, Pauluskirche",10 - 20
256,2023-10-12 00:00:00,K,Solidarität mit Samidoun,2023-10-12 00:00:00,2023-10-12,19:00 - 21:00,"Paulusstraße 10 in 47053 Duisburg, Pauluskirche",20 - 30
257,2023-10-12 00:00:00,M,Gegenveranstaltung zur Palästina-Demo,2023-10-12 00:00:00,2023-10-12,19:00 - 20:00,Platz vor der Pauluskirche,ca. 20
258,2023-10-13 00:00:00,M,Mahnwache für den Frieden,2023-10-13 00:00:00,2023-10-13,18:00 - 20:00,Platz vor der Pauluskirche,10 - 30
259,2023-10-14 00:00:00,M,Mahnwache für den Frieden,2023-10-14 00:00:00,2023-10-14,14.00 - 16:00,Kirchentreppe der Pauluskirche,10 - 30
260,2023-10-15 00:00:00,M,Mahnwache für den Frieden,2023-10-15 00:00:00,2023-10-15,18:00 - 20:00,Platz vor der Pauluskirche,10 - 30
261,2023-10-16 00:00:00,M,Mahnwache für den Frieden,2023-10-16 00:00:00,2023-10-16,18:00 - 20:00,Platz vor der Pauluskirche,10 - 30
262,2023-10-17 00:00:00,M,Mahnwache für den Frieden,2023-10-17 00:00:00,2023-10-17,18:00 - 20:00,Platz vor der Pauluskirche,10 - 30
263,2023-10-18 00:00:00,M,Mahnwache für den Frieden,2023-10-18 00:00:00,2023-10-18,14.00 - 16:01,Platz vor der Pauluskirche,10 - 30
264,2023-10-19 00:00:00,M,Mahnwache für den Frieden,2023-10-19 00:00:00,2023-10-19,18:00 - 20:00,Platz vor der Pauluskirche,10 - 30
265,2023-10-20 00:00:00,M,Mahnwache für den Frieden,2023-10-20 00:00:00,2023-10-20,18:00 - 20:00,Platz vor der Pauluskirche,10 - 30
266,2023-10-21 00:00:00,M,Mahnwache für den Frieden,2023-10-21 00:00:00,2023-10-21,18:00 - 20:00,Platz vor der Pauluskirche,10 - 30
267,2023-10-22 00:00:00,M,Mahnwache für den Frieden,2023-10-22 00:00:00,2023-10-22,14.00 - 16:02,Platz vor der Pauluskirche,10 - 30
268,2023-10-23 00:00:00,M,Mahnwache für den Frieden,2023-10-23 00:00:00,2023-10-23,18:00 - 20:00,Platz vor der Pauluskirche,10 - 30
269,2023-10-24 00:00:00,M,Mahnwache für den Frieden,2023-10-24 00:00:00,2023-10-24,18:00 - 20:00,Platz vor der Pauluskirche,10 - 30
270,2023-10-25 00:00:00,M,Mahnwache für den Frieden,2023-10-25 00:00:00,2023-10-25,18:00 - 20:00,Platz vor der Pauluskirche,10 - 30
271,2023-10-26 00:00:00,M,Mahnwache für den Frieden,2023-10-26 00:00:00,2023-10-26,14.00 - 16:03,Platz vor der Pauluskirche,10 - 30
272,2023-10-27 00:00:00,M,Mahnwache für den Frieden,2023-10-27 00:00:00,2023-10-27,18:00 - 20:00,Platz vor der Pauluskirche,10 - 30
273,2023-10-28 00:00:00,M,Mahnwache für den Frieden,2023-10-28 00:00:00,2023-10-28,18:00 - 20:00,Platz vor der Pauluskirche,10 - 30
274,2023-10-29 00:00:00,M,Mahnwache für den Frieden,2023-10-29 00:00:00,2023-10-29,18:00 - 20:00,Platz vor der Pauluskirche,10 - 30
275,2023-10-30 00:00:00,M,Mahnwache für den Frieden,2023-10-30 00:00:00,2023-10-30,14.00 - 16:04,Platz vor der Pauluskirche,10 - 30
276,2023-10-31 00:00:00,M,Mahnwache für den Frieden,2023-10-31 00:00:00,2023-10-31,18:00 - 20:00,Platz vor der Pauluskirche,10 - 30
277,2023-11-01 00:00:00,M,Mahnwache für den Frieden,2023-11-01 00:00:00,2023-11-01,18:00 - 20:00,Platz vor der Pauluskirche,10 - 30
278,2023-11-02 00:00:00,M,Mahnwache für den Frieden,2023-11-02 00:00:00,2023-11-02,18:00 - 20:00,Platz vor der Pauluskirche,10 - 30
279,2023-11-03 00:00:00,M,Mahnwache für den Frieden,2023-11-03 00:00:00,2023-11-03,14.00 - 16:05,Platz vor der Pauluskirche,10 - 30
280,2023-11-04 00:00:00,M,Mahnwache für den Frieden,2023-11-04 00:00:00,2023-11-04,18:00 - 20:00,Platz vor der Pauluskirche,10 - 30
281,2023-11-05 00:00:00,M,Mahnwache für den Frieden,2023-11-05 00:00:00,2023-11-05,18:00 - 20:00,Platz vor der Pauluskirche,10 - 30
282,2023-11-06 00:00:00,M,Mahnwache für den Frieden,2023-11-06 00:00:00,2023-11-06,18:00 - 20:00,Platz vor der Pauluskirche,10 - 30
283,2023-11-07 00:00:00,M,Mahnwache für den Frieden,2023-11-07 00:00:00,2023-11-07,14.00 - 16:06,Platz vor der Pauluskirche,10 - 30
284,2023-11-08 00:00:00,M,Mahnwache für den Frieden,2023-11-08 00:00:00,2023-11-08,18:00 - 20:00,Platz vor der Pauluskirche,10 - 30
285,2023-11-09 00:00:00,M,Mahnwache für den Frieden,2023-11-09 00:00:00,2023-11-09,18:00 - 20:00,Platz vor der Pauluskirche,10 - 30
286,2023-11-10 00:00:00,M,Mahnwache für den Frieden,2023-11-10 00:00:00,2023-11-10,18:00 - 20:00,Platz vor der Pauluskirche,10 - 30
287,2023-10-13 00:00:00,A (K),Für Frieden,2023-10-18 00:00:00,2023-10-18,16:00 - 19:00,"Flachsmarkt (Vorplatz Internationales Zentrum, Auftaktkundgebung) - Oberstraße - Stapeltor 17 - 19 (Vorplatz Gewerkschaftshaus, Abschlusskundgebung)",150
288,2023-10-14 00:00:00,K,Kundgebung zu aktuellen Entwicklungen,2023-10-16 00:00:00,2023-10-16,17:30 - 18:30,Lifesaver Brunnen,30 - 40
289,2023-10-15 00:00:00,K,"Tierrechte, Veganismus",2023-11-04 00:00:00,2023-11-04,11:45 - 14:30,Forum (Königstraße 48),10 - 25
290,2023-10-15 00:00:00,K,Stopp / Gewalt gegen Frauen,2023-11-18 00:00:00,2023-11-18,10:0 - 13:00,Hamborner Altmarkt vor der Bäckerei Ikbal,10 - 20
291,2023-10-17 00:00:00,K,"Tierrechte, Veganismus",2023-10-21 00:00:00,2023-10-21,14:45 - 18:00,Forum (Königstraße 48),5 - 12
292,2023-10-18 00:00:00,K,Ermordung unschuldige Menschen,2023-10-21 00:00:00,2023-10-21,100 - 150,"Königstraße, vor den schwebenden Gärten",100 - 150
293,2023-10-19 00:00:00,A (K),Trans Leben Gedenken,2023-11-20 00:00:00,2023-11-20,18:30 - 21.00,Opernplatz - Landfermannstraße - Köhnenstraße - Poststraße - Steinsche Gasse - Plessingstraße - Kremerstraße - Krummacherstraße - Realschulstraße - Grünstraße - Dellplatz (Abschlusskundgebung),50
294,2023-10-19 00:00:00,K,Streik / Warnstreik,2023-10-21 00:00:00,2023-10-21,02:30 - 14:30,Silberpalais oder Ostausgang Duisburg Hbf,ca. 30
295,2023-10-20 00:00:00,A (K),Stoppt die Bombardierung und Blockade von Gaza.,2023-10-28 00:00:00,2023-10-28,11:30 - 14:30,Portsmouthplatz (Autkaktkundgebung) – Mercatorstraße – Friedrich-Wilhelm-Straße - Friedrich-Wilhelm-Platz – Seinsche Gasse – Heerstraße – Wanheimer Straße – Saarbrücker Staße – Hochfelder Markt (Abschlusskundgebung).,100
296,2023-10-22 00:00:00,K,Freiheit für die Delfine im Duisburger Zoo 2023,2023-10-28 00:00:00,2023-10-28,11:00 - 15:00,"Duisburger Zoo, Haupteingang, Mühlheimer Str. 273, 47058 Duisburg",10 - 15
297,2023-10-24 00:00:00,K,Gedenken an ermordete Frauen,2023-11-02 00:00:00,2023-11-02,18:30 - 20:30,Franz-Lenze-Platz in Duisburg-Vierlinden ,10 - 20
298,2023-10-24 00:00:00,K,Tarifverhandlungen Einzelhandel NRW,2023-10-27 00:00:00,2023-10-27,09:00 - 13:00,"IKEA Duisburg, Beeckerstraße 80, 47166 Duisburg",200
299,2023-10-26 00:00:00,K,Tag der Kurdistans Flagge,2023-12-17 00:00:00,2023-12-17,15:00 - 17:00,"Moerser Straße, Hochheide Wochenmarkt",150 - 200
300,2023-10-26 00:00:00,K,Gegen die Ermordung unschuldiger Menschen,2023-11-04 00:00:00,2023-11-04,14:00 - 16:00,Portsmouthplatz,100 - 200
301,2023-10-27 00:00:00,K,"Gegen Antisemitismus, gegen den Terror der Hamas",2023-10-28 00:00:00,2023-10-28,11:00 - 14:00,Portsmouthplatz,10 - 60
302,2023-10-29 00:00:00,K,Stoppt den Krieg in Gaza!,2023-10-30 00:00:00,2023-10-30,18:00 - 19:30,Forum Königstraße,50 - 100
303,2023-10-30 00:00:00,K,Kundgebung zu aktuellen Entwicklungen,2023-11-06 00:00:00,2023-11-06,17:30 - 18:30,Lifesaver-Bunnen,30 - 40
304,2023-10-27 00:00:00,K,Genozide stoppen!,2023-10-27 00:00:00,2023-10-27,23:30 - 01:00,Portsmouthplatz,20 - 30
305,2023-10-29 00:00:00,M, Schluss mit Isolationshaft und Freiheit für den kurdischen Politiker Herr Abdullah Öcalan. ,2023-11-04 00:00:00,2023-11-04,13:00 - 16:00,Lifesaver Brunnen,35
306,2023-10-30 00:00:00,K,Hoffnung in Kobane,2023-11-01 00:00:00,2023-11-01,16.00 - 18:00,Hoffnung in Kobane,30 - 40
307,2023-10-31 00:00:00,K,Solidarität mit Israel und allen Menschen jüdischen Glaubens,2023-11-03 00:00:00,2023-11-03,18:00 - 19:00,"Rumeln Markt, hinter der Haltestelle",ca. 10
308,2023-11-05 00:00:00,K,"Tierrechte, Veganismus",2023-11-11 00:00:00,2023-11-11,15:00 - 18:00,Forum (Königstraße 48),10 - 25
309,2023-11-08 00:00:00,K,Solidarität mit Israel und allen Menschen jüdischen Glaubens,2023-11-17 00:00:00,2023-11-17,18:00 - 19:00,"Rumeln Markt, hinter der Haltestelle",20
310,2023-11-08 00:00:00,K,Solidarität mit Israel und allen Menschen jüdischen Glaubens,2023-11-24 00:00:00,2023-11-24,18:00 - 19:00,"Rumeln Markt, hinter der Haltestelle",20
311,2023-11-08 00:00:00,K,Solidarität mit Israel und allen Menschen jüdischen Glaubens,2023-12-01 00:00:00,2023-12-01,18:00 - 19:00,"Rumeln Markt, hinter der Haltestelle",20
312,2023-11-08 00:00:00,K,Solidarität mit Israel und allen Menschen jüdischen Glaubens,2023-12-08 00:00:00,2023-12-08,18:00 - 19:00,"Rumeln Markt, hinter der Haltestelle",20
313,2023-11-08 00:00:00,K,Solidarität mit Israel und allen Menschen jüdischen Glaubens,2023-12-15 00:00:00,2023-12-15,18:00 - 19:00,"Rumeln Martk, hinter der Haltestelle",20
314,2023-11-08 00:00:00,K,"Tarifverhandlungen im öffentlichen Dienst der Länder
Aktive Mittagspause unter dem Motto: ""Zeit zu Handeln"" ",2023-11-29 00:00:00,2023-11-29,12:00 - 13:00,"Vorplatz des Polizeipräsidiums Duisburg, Düsseldorfer Str. 161 - 163, 47053 Duisburg",50 - 150
315,2023-11-10 00:00:00,M,Internationaler Tag der Menschenrechte / 75 Jahre Menschenrechte,2023-12-09 00:00:00,2023-12-09,12:00 - 13:00 und 16:15 - 18:30,König-Heinrich-Platz/ Opernplatz,100
316,2023-11-14 00:00:00,A (K),Brückenstrompreis für die Industrie zur Absicherung industrieller Produktion in energieintensiven Unternehmen,2023-11-24 00:00:00,2023-11-24,11:00 - 13:30,Kaiser-Wilhelm-Straße 100 (auf der Grünfläche vor der Hauptverwaltung),10000
317,2023-11-14 00:00:00,M,Geburtstagsfeier 13 Jahre Planung für den RS 1,2023-11-19 00:00:00,2023-11-19,12:45 - 13.45,Portsmouthplatz,ca. 5
318,2023-11-14 00:00:00,A (K),Tarifverhandlungen,2023-11-30 00:00:00,2023-11-30,09:00 - 13:30,"Portsmouthplatz - Mercatorstraße - Saarstraße - Landfermannstraße - Neckarstraße - Kardinal-Galen-Straße -  Philosophenstraße 2 (Parteibüro Die Grünen, Zwischenkundgebung) - Stapeltor - Kuhlenwall - Köhnenstraße - Am Burgacker - Königstraße - Königstraße 7 - 9 (Geschäftsstelle CDU-Kreisverband, Zwischenkundgebung) - Kuhtor - Kuhstraße - Steinsche Gasse - Musfeldstraße - Gottfried-Könzgen-Straße 3 (Gesamtschule Globus am Dellplatz, Abschlusskundgebung).",250
319,2023-11-15 00:00:00,K,"Streik / Warnstreik   
Bestreikt wird die Transdev Rhein Ruhr Bahn GmbH
nach Streikaufruf  der GDL vom 14.11.2023  18:15 Uhr  ",2023-11-15 00:00:00,2023-11-15,22:00 - 18:00,Duisburg Am Silberpalais 1 ( Betriebssitz Transdev Rhein Ruhr Bahn GmbH ) ,ca. 30
320,2023-11-15 00:00:00,A (K),Tarifverhandlungen zum TV-L,2023-11-28 00:00:00,2023-11-28,12:00 - 13:00,Schifferstraße 52 - Marientorstraße - Unterstraße - Leinpfad/ Hafenmund - Flachsmarkt (Abschlusskundgebung),200 +
321,2023-11-20 00:00:00,K,Für Meinungs- und Pressefreiheit - gegen rassistische Berichterstattung,2023-11-24 00:00:00,2023-11-24,15:00 - 17:00,Harry-Epstein-Platz,20 - 30
322,2023-11-27 00:00:00,A (K),Nachtaktion in der Tarifbewegung 2023 zum Ende der Friedenspflicht in der nordwestdeutschen Stahlindustrie auf Tiger & Turtle,2023-11-30 00:00:00,2023-11-30,19:30 - 22:00,Parkplatz der Hüttenschenke der HKM Schulz-Knaudt-Straße/ Ecke Ehingerstraße - Ehingerstraße - Aufmarsch bis zur Aussichtsplattform Tiger &Turtle - Magic Mountain,300
323,2023-11-28 00:00:00,A (K),Warnstreik in der Tarifbewegung Stahl 2023 - Grundlage: Artikel 9 Abs. 3 GG,2023-12-04 00:00:00,2023-12-04,09:00 - 11:30,"Mannesmannstraße, Tor 2 - Ehinger Straße - Ehinger Straße/ Ecke Schulz-Knaudt-Strße, Tor 2",1000
324,2023-11-29 00:00:00,K,Kundgebung zu aktuellen Entwicklungen,2023-12-04 00:00:00,2023-12-04,17:30 - 18:30,Averdunkplatz,30 - 40
325,2023-11-29 00:00:00,A (K),Warnstreik in der Tarifbewegung Stahl 2023 - Grundlage: Artikel 9 Abs. 3 GG,2023-12-05 00:00:00,2023-12-05,10:00 - 12:30,"Aufzug 1: Borsigstraße (Parkplatz, TKSE, Tor 4) – Willy-Brandt-Ring - Kaiser-Wilhelm-Straße/ Ecke Franz-Lenze-Straße - Kaiser-Wilhelm-Straße 100 (Abschlusskundgebung), Auzug 2: Franz-Lenze-Straße 70 – Kaiser-Wilhelm-Straße/ Ecke Franz-Lenze-Straße - Kaiser-Wilhelm-Straße 100 (Abschlusskundgebung).",2500
326,2023-11-30 00:00:00,A (K),Umweltkampftag 2023 anlässlich COP 28 in Dubai,2023-12-09 00:00:00,2023-12-09,10:30 - 13:30,Hamborn Altmarkt - Richterstraße - Schreckerstraße - Links B8 - Richtung Marxloh - Goethstrasste - Kantstraße -  Kampsstraße -  (ggf. August-Thyssen - Walter Rathenau Straße) - B8 zurück Richtung Rathaus - Rathausstraße - Richterstraße,60 - 100
327,2023-12-04 00:00:00,K,Warnstreik in der Tarifbewegung Stahl 2023 - Grundlage: Artikel 9 Abs. 3 GG,2023-12-11 00:00:00,2023-12-11,08:00 - 10:00,"Vohwinkelstr. 107 (ArcelorMittal), 47137 Duisburg",200
328,2023-12-05 00:00:00,K,Kundgebung zur Förderung von christlichen Werten,2023-12-19 00:00:00,2023-12-19,11:00 - 18:00,Portsmouthplatz,6 - 20
329,2023-12-07 00:00:00,K,Antipalästinensischer Rassismus & Repression in Deutschland,2023-12-07 00:00:00,2023-12-07,18:30:00,"Kaiser-Wilhelm-Straße 284, 47169 Duisburg",?
330,2023-12-08 00:00:00,K,Alle Tore Dicht! - Warnstreik am 11. Dezember 2023 in der Tarifbewegung Stahl 2023,2023-12-11 00:00:00,2023-12-11,12:00 - 14:00,"thyssenkrupp Steel Europe AG - Werk Hamborn: Tor 1, 3, 4, 5, 6 und 7",jew. 100
331,2023-12-08 00:00:00,K,Alle Tore Dicht! - Warnstreik am 11. Dezember 2023 in der Tarifbewegung Stahl 2024,2023-12-11 00:00:00,2023-12-11,12:00 - 14:00,thyssenkrupp Steel Europe AG - Werk Hüttenheim: Tor 9,150
332,2023-12-08 00:00:00,K,Alle Tore Dicht! - Warnstreik am 11. Dezember 2023 in der Tarifbewegung Stahl 2025,2023-12-11 00:00:00,2023-12-11,12:00 - 14:00,"Hüttenwerke Krupp Mannesmann: Tor 2, 3, 4",50
333,2023-12-15 00:00:00,K,Gegen den Verkauf von Tieren bei Zoo Zajac,2023-12-23 00:00:00,2023-12-23,13:00 - 15:00,Zoo Zajac Konrad-Adenauer-Ring 6,10
334,2023-12-20 00:00:00,K,Unsere Solidarität gegen ihre Repression!,Donnerstag,2023-12-21,18:00 - 20:00,Portsmouthplatz,10-15
335,2023-12-27 00:00:00,A (K),Angriff der Türkei auf die kurdische Gebiete in Nord-Syrien und Nord-Irak.  ,2023-12-30 00:00:00,2023-12-30,14:00 - 18:00,Portsmouthplatz (Auftaktkundgebung) – Mercatorstraße – Friedrich-Wilhelm-Straße (Zwischenkundgebung an der ehem. Galeria Kaufhof Filiale) – Friedrich-Wilhelm-Platz (Zwischenkundgebung) – Steinsche Gasse – Poststraße – Oberstraße – Stapeltor– Kardinal-Galen-Straße – Neckarstraße – Landfermannstraße – Averdunkplatz – Königstraße – Portsmouthplatz (Abschlusskundgebung).,150 - 200
