Lfd. Nr. ,Datum der Vers,Uhrzeit der Vers,Ort der Vers,Thema der Versammlung,Datum der Anmeldung,Unnamed: 6,Unnamed: 7
,,,,,,TN angemeldet,TN anwesend
1.0,22.01.2022,14.00-22.00,Aufzug,Gedenkmarsch 16.000 unvergessen,2021-09-17 00:00:00,500,400
2.0,2022-01-16 00:00:00,17:00-18:00,Alter Markt,Offenes Singen Für ein weltoffenes Magdeburg,2021-10-21 00:00:00,1000,100
3.0,2022-01-22 00:00:00,14.00-20.00,Johanniskirche,"Magdeburg ist eine Stadt für alle - für Frieden, Menschenfreundlichkeit und Gastfreundschaft",2021-11-09 00:00:00,40,10
4.0,2022-01-22 00:00:00,17.00-20.00,Breiter Weg/         Ernst-Reuter-Allee,Eine Stadt für alle unterm Regenbogen,2021-11-24 00:00:00,30,
5.0,2022-01-22 00:00:00,15.00-20.00,Nicolaiplatz,für ein tolerantes und weltoffenes Magdeburg,2021-11-30 00:00:00,20,
6.0,2022-01-22 00:00:00,14.00-19.00,Domplatz,Gedenken an die Opfer von Krieg und Gewalt,2021-11-30 00:00:00,30,
7.0,2022-01-22 00:00:00,15.00-22.00,Westfriedhof,Für demokratischen Verkehr,2021-12-04 00:00:00,200,
8.0,2022-01-22 00:00:00,10.00-21.00,Willy-Brandt-Platz,Klimagerechtigkeit,2021-12-06 00:00:00,950,
9.0,2022-01-22 00:00:00,12.00-16.00,Aufzug,Klimagerechtigkeit,2021-12-06 00:00:00,650,
10.0,2022-01-01 00:00:00,16:00-22:00,Aufzug,Ein Funken Hoffung,2021-11-23 00:00:00,300,318
11.0,2022-01-22 00:00:00,12.00-21.00,Bahnhof Buckau,Buckau Block - Gemeinsam für Demokratie,2021-12-14 00:00:00,200,
12.0,2022-01-22 00:00:00,14.00-20.00,Universitätsplatz,OvGU blockiert Opernplatz - studentische Solidarität gegen rechte Gruppen zum 22. Januar,2021-12-16 00:00:00,50,
13.0,2022-01-22 00:00:00,12.30-21.00,Otto-von-Guericke-Straße,"Solidarität und Weltoffenheit, statt rechter Hetze und Geschichtsverfälschung",2021-12-20 00:00:00,25,
14.0,2022-01-22 00:00:00,14.00-20.00,Julius-Bremer-Straße/ Otto-von-Guericke-Straße,Aufklärung gegen Geschichtsrevisionismus,2021-12-21 00:00:00,20,
15.0,2022-01-08 00:00:00,13.00-19.00,Aufzug,Transparenter politischer Dialog,2021-12-21 00:00:00,500,1500
16.0,2022-01-22 00:00:00,15.00-19.00,Thiemplatz,Aktion gegen Neonazismus,2021-12-27 00:00:00,20,
17.0,2022-01-08 00:00:00,12:30-16:00,L.-K.Str.,Recht auf Leben und Selbstbestimmung in Frieden,2022-01-03 00:00:00,100,120
18.0,2022-01-08 00:00:00,10:00-14:00,Aufzug,"Autokorso, kein Impfzwang, für unsere Grundrechte",2022-01-04 00:00:00,300,110
19.0,2022-01-08 00:00:00,12:00-18:00,Kundgebung,Kundgebung gegen Rechts,2022-01-06 00:00:00,50,46
20.0,2022-01-10 00:00:00,09:00-21:00,,"""Nur ein toter Schäfer, ist ein guter Schäfer""",2022-01-08 00:00:00,1?,
21.0,2022-01-17 00:00:00,17:00-21:00,Alter Markt,Zivilgesellschaftliche Kundgebung gegen die Corona-Proteste,2022-01-06 00:00:00,400,100
22.0,11.01.2022,16:30-19:00,Goldschmiedebrücke/Breiter Weg,Kundgebung gegen Rechts,2022-01-06 00:00:00,50,20
23.0,2022-01-18 00:00:00,16:30-19:00,Nikolaiplatz,Kundgebung gegen Rechts,2022-01-06 00:00:00,50,25
24.0,2022-01-15 00:00:00,14.30-16.30,Fürstenwallstraße,Recht auf Leben und Selbstbestimmung in Frieden,2022-01-10 00:00:00,100,50
25.0,2022-01-12 00:00:00,12.00-13.00,vor ddem Landtag,Medizinische Grundversorgung in Havelberg,2022-01-06 00:00:00,10,10
26.0,2022-01-22 00:00:00,13.00-18.00,Breiter Weg ,Unterschriftensammlung gegen Unterschriftensammlungen,2022-01-04 00:00:00,10,
27.0,2022-01-22 00:00:00,14.00-20.00,Bahnhof Neustadt,Gedenken der Opfer des Nationalsozialismus in der Stadt Magdeburg,2022-01-07 00:00:00,50,
28.0,2022-01-22 00:00:00,12.00-20.00,Bahnhof Hasselbachplatz,Kundgebung für ein solidarisches und demokratisches Magdeburg,2022-01-10 00:00:00,30,
29.0,2022-01-22 00:00:00,14.00-22.00,Julius-Bremer-Straße ,"Gegen Antisemitismus, Für Weltoffenheit und Toleranz.",2022-01-04 00:00:00,30,
30.0,2022-01-22 00:00:00,14.00-21.00,Alter Markt,Wir haben Platz! Solidarität verteidigen,2022-01-05 00:00:00,100,
31.0,2022-01-22 00:00:00,13.45-20.30,Bei der Hauptwache,Grüne für ein weltoffenes Magdeburg,2022-01-10 00:00:00,15,
32.0,2022-01-22 00:00:00,10.00-15.00,Aufzug,"Mahnwache für Frieden, Toleranz und Solidarität",2022-01-10 00:00:00,10,
33.0,2022-01-16 00:00:00,17:00-17:45,Menschenkette,Aktionswoche Eine Stadt für alle - weltoffenes Magdeburg,2022-01-10 00:00:00,300,100
34.0,2022-01-22 00:00:00,10.00-22.00,Konrad-Adenauer-Platz,Für eine solidarische Gesellschaft,2022-01-11 00:00:00,100,
35.0,2022-01-22 00:00:00,12.00-20.00,Hasselbachplatz,Vielfalt am Hassel und in Magdeburg,2022-01-11 00:00:00,20,
36.0,2022-01-31 00:00:00,18:00-22:00,Domplatz,Für die Freiheit! Gegen Impfpflicht und 2G!,2022-01-13 00:00:00,300,200
37.0,2022-01-22 00:00:00,15.00-17.00,Aufzug,Friedensweg,2022-01-14 00:00:00,9,
38.0,2022-01-16 00:00:00,18.00-19.30,Alter Markt,Gedenken an die Zerstörung Magdeburgs im 2. Weltkrieg,2022-01-14 00:00:00,6,6
39.0,2022-02-01 00:00:00,17:00-19:00,Alter Markt,Kundgebung zur Situation im belarussisch-polnischen Grenzgebiet,2022-01-15 00:00:00,70,50
40.0,2022-01-22 00:00:00,10.00-18.00,Bahnhof Eichenweiler,Gegen Nationalismus/ Für eine solidarische Welt,2022-01-15 00:00:00,9,
41.0,2022-01-22 00:00:00,14.30-16.00,Lothar-Kreusig-Straße,Recht auf Leben in Selbstbestimmung und Frieden,2022-01-16 00:00:00,100,
42.0,2022-01-22 00:00:00,14.00-22.00,Kölner Platz,gegen Geschichtsrevisionismus,2022-01-17 00:00:00,100,
43.0,2022-01-22 00:00:00,14.00-20.00,Domplatz (Landtag),Nie wieder,2022-01-18 00:00:00,20,
44.0,2022-01-22 00:00:00,11.00-16.00,Breiter Weg/          Ernst-Reuter-Allee,Christliche Werte in unserer Gesellschaft,2022-01-18 00:00:00,25,
45.0,2022-01-21 00:00:00,17.45-21.00,Aufzug,Gegen Faschismus auf allen Ebenen,2022-01-19 00:00:00,150,50
46.0,2022-01-22 00:00:00,10.00-20.00,Bahnhof Herrenkrug,Eine Stadt für alle  ,2022-01-19 00:00:00,80,
47.0,2022-01-22 00:00:00,14.00-22.00,Bahnhof SKET,Kundgebung gegen Rassismus und Menschenverachtung,2022-01-19 00:00:00,50,
48.0,2022-01-22 00:00:00,14.00-22.00,Bahnhof Südost,Kundgebung gegen Rassismus und Menschenverachtung,2022-01-19 00:00:00,50,
49.0,2022-01-22 00:00:00,15.30-17.00,Liebknechtstraße,Kein Platz für rechtes Gedankengut - wehret den Anfängen!,2022-01-19 00:00:00,8,
50.0,2022-01-22 00:00:00,14.00-15.00,Leiterstraße,Gegen das Vergessen,2022-01-20 00:00:00,10,
51.0,2022-01-22 00:00:00,12.00-22.00,Maybachstraße,Gedenkkundgebung zum Gedenkmarsch,2022-01-20 00:00:00,150,
52.0,2022-01-24 00:00:00,18.00-20.00,Aufzug,Impfpflicht - nein Danke,2022-01-20 00:00:00,1500,50
53.0,2022-03-05 00:00:00,11.00-16.00,Domplatz,Für freie Impfentscheidung und gegen die Impfpflicht,2022-01-20 00:00:00,300,300
54.0,2022-01-22 00:00:00,10.00-19.00,Bahnhof Buckau,OHNE THEMA,2022-01-22 00:00:00,6,
55.0,2022-01-27 00:00:00,13:00-14:00,Alter Markt,"Keine Wohnbebauungen u.ä. auf der ROTEHORNINSEL, dem Klimaentstehungsgebietin der Landeshauptstadt Magdeburg!  Erhalt von Stadtgrün!",2022-01-25 00:00:00,8,8
56.0,2022-01-27 00:00:00,13:30-14:00,Alter Markt,Klimaschutz jetzt – keine Baumfällungen für Schrott-Immobilien,2022-01-25 00:00:00,10,10
57.0,2022-01-29 00:00:00,14:30-16:00,Lothar-Kreusig-Straße,Recht auf Leben und Selbstbestimmung in Frieden,2022-01-24 00:00:00,100,40
58.0,2022-01-31 00:00:00,18:00-19:30,Breiter Weg,"Für eine Kultur der Aufmerksamkeit, gegen Rechts Extremismus",2022-01-27 00:00:00,15,15
59.0,2022-01-28 00:00:00,18:00-19:00,Breiter Weg (Haltestelle Alter Markt),Relevanter als das System - Gesellschaft statt Profit / Offener Diskurs zu Politik,2022-01-27 00:00:00,30,25
60.0,2022-01-03 00:00:00,18:00-22:00,Aufzug,Montagsspaziergang,-,,1000
61.0,2022-01-10 00:00:00,18:00-22:00,Aufzug,Montagsspaziergang,-,,1000
62.0,2022-01-17 00:00:00,18:00-22:00,Aufzug,Montagsspaziergang,-,,900
63.0,2022-01-22 00:00:00,18:00-22:00,Aufzug,Corona-Spaziergang,-,,400
64.0,2022-01-24 00:00:00,18:00-22:00,Aufzug,Montagsspaziergang,-,,1000
65.0,2022-01-31 00:00:00,18:00-20:00,Aufzug,Impfpflicht - nein Danke,2022-01-27 00:00:00,1500,50
66.0,2022-02-05 00:00:00,14:30-16:00,Lothar-Kreusig-Straße,Recht auf Leben in Selbstbestimmung und Frieden,2022-01-31 00:00:00,100,40
67.0,2022-02-03 00:00:00,15:00-17:30,Otto-von-Guericke-Straße,Gegen Schikane im Jobcenter,2022-01-31 00:00:00,5,5
68.0,2022-09-03 00:00:00,12:00-18:00,Aufzug ,Kampfkultur - Hol dir deine Stadt und dein Land zurück!,2022-01-27 00:00:00,100,45
69.0,04.02.022,18:00-20:00,Breiter Weg,Solidarische Perspektiven in der Corona-Krise,2022-02-01 00:00:00,50,30
70.0,2022-02-19 00:00:00,10:00-17:00,Breiter Weg 203,"Eltern-Kind-Entfremdung, Modernisierung Familienrecht",2022-02-02 00:00:00,8,8
71.0,2022-02-10 00:00:00,15:00-18:00,Olvenstedter Platz,Freiheit für die 11 inhaftierten Antifaschisten /innen in Griechenland,2022-02-02 00:00:00,35,20
72.0,2022-02-07 00:00:00,18:00-20:00,Breiter Weg,"Eine Kultur der Aufmerksamkeit, gegen Rechtsextremismus",2022-02-02 00:00:00,20,10
73.0,2022-02-10 00:00:00,15:00-17:00,Ulrichsplatz,Nein zur Corona-Impfpflicht! Für ein solidarisches Gesundheitswesen!,2022-02-02 00:00:00,15,15
74.0,2022-02-05 00:00:00,09:00-10:00,Moritzplatz,"gegen Krieg aufstehen, keine Wohnbebauung auf der ROTEHORNINSEL",2022-02-03 00:00:00,8,8
75.0,2022-02-08 00:00:00,16:00-17:00,Gedenkstein bei Klinikum Olvenstedt,Gedenken und Kranzniederlegung am Todestag von Frank Böttcher,2022-02-02 00:00:00,30,30
76.0,2022-02-14 00:00:00,14:00-17:00,Willy-Brandt-Platz,Aromatisch und Liebe Vielfätig,2022-02-07 00:00:00,30,30
77.0,2022-02-12 00:00:00,14:30-16:00,Lothar-Kreusig-Straße,Recht auf Leben und Selbstbestimmung in Frieden,2022-02-07 00:00:00,100,30
78.0,2022-02-14 00:00:00,18:30-20:00,Breiter Weg,"Eine Kultur der Aufmerksamkeit, gegen Rechtsextremismus",2022-02-07 00:00:00,20,15
79.0,2022-03-26 00:00:00,12:00-22:00,Alter Markt,Ein OB für alle!,2022-02-06 00:00:00,250,60
80.0,2022-02-12 00:00:00,14:00-15:00,Domplatz,FÜR DIPLOMATIE und ENTSPANNUNGSPOLITIK,2022-02-09 00:00:00,50,8
81.0,2022-02-11 00:00:00,17:00-19:00,Breiter Weg,Relevanter als das System - Gesellschaft statt Profit / Offener Diskurs zu Politik,2022-02-08 00:00:00,30,20
82.0,2022-02-19 00:00:00,09:00-10:30,Alter Markt,"Eltern-Kind-Entfremdung, Modernisierung Familienrecht",2022-02-10 00:00:00,8,8
83.0,2022-02-14 00:00:00,18:15-20:00,Aufzug,Impfpflicht - nein Danke,2022-02-12 00:00:00,800,30
84.0,2022-02-19 00:00:00,15:00-19:00,Hasselbachplatz,Gedenkkundgebung-Zwei Jahre rassistischer Anschlag in Hanau,2022-02-11 00:00:00,50,30
85.0,2022-02-19 00:00:00,14:00-15:30,Domplatz,FÜR DIPLOMATIE und ENTSPANNUNGSPOLITIK,2022-02-13 00:00:00,2 bis 50,15
86.0,2022-02-24 00:00:00,13:00-14:30,Alter Markt,FÜR DIPLOMATIE und ENTSPANNUNGSPOLITIK,2022-02-13 00:00:00,2 bis 50,10
87.0,2022-02-21 00:00:00,18:30-20:00,Breiter Weg,"Eine Kultur der Aufmerksamkeit, gegen Rechtsextremismus",2022-02-15 00:00:00,20,9
88.0,2022-02-26 00:00:00,14:30-16:00,Lothar-Kreusig-Straße,Recht auf Leben in Selbstbestimmung und Frieden,2022-02-15 00:00:00,60,30
89.0,2022-02-18 00:00:00,17:00-19:00,Breiter Weg,Relevanter als das System ,2022-02-15 00:00:00,20,20
90.0,2022-02-26 00:00:00,14:00-15:30,Domplatz,FÜR DIPLOMATIE und ENTSPANNUNGSPOLITIK,2022-02-16 00:00:00,2 bis 50,15
91.0,2022-03-05 00:00:00,14:00-15:30,Domplatz,FÜR DIPLOMATIE und ENTSPANNUNGSPOLITIK,2022-02-16 00:00:00,2 bis 50,10
92.0,2022-03-12 00:00:00,14:00-15:30,Domplatz,FÜR DIPLOMATIE und ENTSPANNUNGSPOLITIK,2022-02-16 00:00:00,2 bis 50,20
93.0,2022-02-21 00:00:00,16:30-17:45,Domplatz,Recht auf Leben und Selbstbestimmung in Frieden,2022-02-17 00:00:00,100,0
94.0,2022-02-21 00:00:00,18:00-20:00,Aufzug,Impfpflicht - nein Danke,2022-02-18 00:00:00,1000,300
95.0,2022-03-01 00:00:00,16:00-17:00,Olvenstedter Graseweg,Gedenken an die ermorderten Sinti und Roma,2022-02-18 00:00:00,50,50
96.0,2022-02-24 00:00:00,15:00-17:00,Domplatz,Pflegenotstand und Impfpflicht stoppen,2022-02-20 00:00:00,50 bis 100,20
97.0,2022-02-28 00:00:00,18:30-20:00,Breiter Weg,"Eine Kultur der Aufmerksamkeit, gegen Rechtsextremismus",2022-02-22 00:00:00,10 bis 20,10
98.0,2022-03-08 00:00:00,16:00-20:00,Aufzug/Kundgebung,Demonstration zum feministischen Kampftag,2022-02-22 00:00:00,250,330
99.0,2022-03-05 00:00:00,12:00-20:00,Domplatz,Corona solidarisch bekämpfen,2022-02-23 00:00:00,300,100
100.0,2022-03-12 00:00:00,14:00-18:00,Alter Markt,Gedenken an Roswitha,2022-02-21 00:00:00,300,150
101.0,2022-03-05 00:00:00,13:00-16:00,Aufzug,Fahrraddemo - AfD abklingeln,2022-02-23 00:00:00,200,
102.0,2022-02-24 00:00:00,18:00-19:30,Breiter Weg/MVB-Häuschen,Protest gegen den Krieg in der Ukraine,2022-02-24 00:00:00,5 bis 15,
103.0,2022-02-28 00:00:00,16:30-18:00,Domplatz,Recht auf Leben und Selbstbestimmung ,2022-02-23 00:00:00,100,70
104.0,2022-02-27 00:00:00,15:00-17:00,Alter Markt,Lage in der Ukraine angesichts der russischen Expansion,2022-02-23 00:00:00,50 bis 1000,
105.0,2022-02-25 00:00:00,17:00-19:00,Breiter Weg - Haltestelle Alter Markt,Relevanter als das System - Gesellschaft statt Profit / Offener Diskurs mit der zivil Bevölkerung,2022-02-23 00:00:00,30,
106.0,2022-02-26 00:00:00,15:00-17:00,Alter Markt,Krieg zwischen Ukraine und Russland,2022-02-24 00:00:00,50 bis 200,
107.0,2022-02-25 00:00:00,11:00-13:00,Domplatz,Mahnwache für Frieden in Europa und Solidarität in Europa,2022-02-24 00:00:00,25,
108.0,2022-02-25 00:00:00,17:00-18:30,Domplatz,"Stille Mahnwache, nie wieder Krieg",2022-02-24 00:00:00,150,
109.0,2022-02-28 00:00:00,18.00-19.30,Ernst-Reuter-Allee/ Breiter Weg,Montagskundgebung,2022-02-26 00:00:00,15,
110.0,2022-03-08 00:00:00,16.00-18.00,Olvenstedter Platz,Heraus zum Frauenkampftag!,2022-02-24 00:00:00,30,90
111.0,2022-03-19 00:00:00,14.00-15.30,Domplatz,Nie wieder Krieg!,2022-02-25 00:00:00,50,22
112.0,2022-03-05 00:00:00,15.00-16.30,Lothar-Kreysig-Straße,Recht auf Leben in Selbstbestimmung  ,2022-02-27 00:00:00,60,40
113.0,2022-03-03 00:00:00,16.30-18.00,Thiemplatz,Protest gegen den Krieg in der Ukraine,2022-02-28 00:00:00,10,8
114.0,2022-03-03 00:00:00,15.00-17.30,Otto-von-Guericke-Straße,Gegen Schikane im Jobcenter,2022-02-28 00:00:00,5,k.A.
115.0,2022-03-07 00:00:00,18.30-20.00,Breiter Weg,"Eine Kultur der Aufmerksamkeit, gegen Rechtsextremismus",2022-02-28 00:00:00,20,6
116.0,2022-03-05 00:00:00,11.30-18.00,Domplatz,Solidarisch durch die Pandemie,2022-02-24 00:00:00,500,
117.0,2022-03-07 00:00:00,17.00-20.00,Aufzug,"Autokorso, kein Impfzwang, für unsere Grundrechte",2022-03-02 00:00:00,300,52
118.0,2022-03-31 00:00:00,08.00-15.00,Hasselbachstraße,Agrarwende jetzt! Weniger Nutztiere - mehr Zukunft!,2022-03-02 00:00:00,20,
119.0,2022-03-03 00:00:00,17.30-19.30,Domplatz,Solidarität mit der Ukraine,2022-03-02 00:00:00,150,
120.0,2022-03-04 00:00:00,17.00-19.00,Breiter Weg,Relevanter als das System - Gesellschaft statt Politik,2022-03-02 00:00:00,30,28
121.0,2022-03-15 00:00:00,16.00-19.00,Hasselbachplatz,Internationaler Tag gegen Polizeigewalt,2022-03-02 00:00:00,120,50
122.0,2022-03-04 00:00:00,19.30-22.00,Aufzug,Proteste für Frieden in der Ukraine!,2022-03-03 00:00:00,100,
123.0,2022-03-07 00:00:00,16.30-18.00,Domplatz,Recht auf Leben und Selbstbestimmung,2022-03-03 00:00:00,100,16
124.0,2022-03-14 00:00:00,17.00-18.30,Ernst-Reuter-Allee/ Breiter Weg,Montagskundgebung,2022-03-03 00:00:00,15,6
125.0,2022-03-21 00:00:00,15.00-17.30,Willy-Brandt-Platz,Gesundheitspolitik in Sachsen-Anhalt,2022-03-04 00:00:00,200,30
126.0,2022-03-11 00:00:00,16.00-18.00,Breiter Weg,Für die Formierung einer neuen Friedens- und Umweltbewegung!,2022-03-06 00:00:00,10,0
127.0,2022-03-12 00:00:00,15.00-16.30,Lothar-Kreyssig-Straße,Recht auf Leben in Selbstbestimmung,2022-03-06 00:00:00,60,10
128.0,2022-03-13 00:00:00,15.00-17.00,Alter Markt,Krieg in der Ukraine,2022-03-07 00:00:00,500,450
129.0,2022-03-14 00:00:00,18.30-20.00,Breiter Weg,"Eine Kultur der Aufmerksamkeit, gegen Rechtsextremismus",2022-03-07 00:00:00,10,3
130.0,2022-03-25 00:00:00,14.00-18.00,Aufzug,Globaler Klimastreik #PeopleNotProfit,2022-03-07 00:00:00,1000,380
131.0,2022-03-14 00:00:00,16:30-18:00,Domplatz,Recht auf Leben und Selbstbestimmung,2022-03-10 00:00:00,100,7
132.0,2022-03-12 00:00:00,13:00-18:00,Breiter Weg,Unterschriftensammlung gegen Unterschriftensammlungen,2022-03-09 00:00:00,10,5
133.0,2022-03-19 00:00:00,13:00-18:00,Breiter Weg,Unterschriftensammlung gegen Unterschriftensammlungen,2022-03-09 00:00:00,10,0
134.0,2022-03-26 00:00:00,14:00-15:30,Domplatz,FÜR DIPLOMATIE und ENTSPANNUNGSPOLITIK,2022-03-12 00:00:00,2 bis 50,30
135.0,2022-04-02 00:00:00,14:00-15:30,Domplatz,FÜR DIPLOMATIE und ENTSPANNUNGSPOLITIK,2022-03-12 00:00:00,2 bis 50,30
136.0,2022-04-16 00:00:00,14:00-15:30,Domplatz,FÜR DIPLOMATIE und ENTSPANNUNGSPOLITIK,2022-03-12 00:00:00,2 bis 50,20
137.0,2022-04-09 00:00:00,14:00-15:30,Domplatz,FÜR DIPLOMATIE und ENTSPANNUNGSPOLITIK,2022-03-12 00:00:00,2 bis 50,25
138.0,2022-03-16 00:00:00,16:30-20:00,Am Buckauer Tor,Kundgebung für Frieden und Abrüstung,2022-03-12 00:00:00,100,12
139.0,2022-03-19 00:00:00,15:00-16:30,Domplatz,Recht auf Leben und Selbstbestimmung,2022-03-12 00:00:00,60,16
140.0,2022-02-21 00:00:00,18:00-22:00,Aufzug,Montagsspaziergang,-,,500
141.0,2022-02-28 00:00:00,18:00-22:00,Aufzug,Montagsspaziergang,-,,800
142.0,2022-03-07 00:00:00,18:00-22:00,Aufzug,Montagsspaziergang,-,,500
143.0,2022-03-14 00:00:00,18:00-22:00,Aufzug,Montagsspaziergang,-,,600
144.0,2022-03-18 00:00:00,15:15-17:00,Leipziger Straße 42,Gegen politische Repression,2022-03-14 00:00:00,30,20
145.0,2022-03-21 00:00:00,18:30-20:00,Breiter Weg,"Eine Kultur der Aufmerksamkeit, gegen Rechtsextremismus",2021-03-15 00:00:00,10,3
146.0,2022-03-21 00:00:00,16:30-18:00,Alter MArkt,Recht auf Leben und Selbstbestimmung,2022-03-16 00:00:00,100,15
147.0,2022-01-08 00:00:00,15:00-20:00,Aufzug,Anti-Corona Spaziergang,-,,5000
148.0,2022-03-28 00:00:00,12:15-14:00,Hasselbachstraße,Bäuerliche Landwirtschaft ist unsere Zukunft! Ackerland in Bauernhand - Großinvestoren stoppen,2022-03-17 00:00:00,20,20
149.0,2022-03-25 00:00:00,17:00-00:00,"Hubbrücke, Westufer",Wahlkampfveranstaltung OB-Wahl,2022-03-17 00:00:00,20,6
150.0,2022-03-25 00:00:00,15:30-17:30,,Energiepreisstopp jetzt,2022-03-21 00:00:00,5,4
151.0,2022-05-01 00:00:00,14:00-18:00,Aufzug,1.Mai -Tag der Internationalen Arbeiterklasse,2022-03-21 00:00:00,75,
152.0,2022-03-26 00:00:00,15:00-16:30,Lothar-Kressig-Straße,Recht auf Leben und Selbstbestimmung ,2022-03-21 00:00:00,60,16
153.0,2022-03-31 00:00:00,17:00-18:30,Domplatz,Friedenskundgebung,2022-03-21 00:00:00,150,100
154.0,2022-04-01 00:00:00,15:00-17:00,Aufzug,Schluss mit Scherzen – Agrarwende jetzt,2022-03-21 00:00:00,500,150
155.0,2022-04-14 00:00:00,16:00-19:00,am Blauen Block 1,Strom und Gas ein Recht – kein Luxus,2022-03-21 00:00:00,25,15
156.0,2022-03-21 00:00:00,18:00-20:00,Domplatz,Krieg und Frieden,2022-03-21 00:00:00,20,3
157.0,2022-03-24 00:00:00,8:30-10:00,Lothar-Kresssig-Straße,Für eine freie Impfentscheidung im Gesundheitswesen,2022-03-22 00:00:00,100,95
158.0,2022-05-01 00:00:00,11:30-15:00,Aufzug,30 Stunden sind genug - Flexibilisierung ist Betrug,2022-03-23 00:00:00,150,50
159.0,2022-03-25 00:00:00,14:00-17:00,Lothar-Kressig-Straße,Friedensschutz und Klimaschutz,2022-03-24 00:00:00,30,4
160.0,2022-03-28 00:00:00,16:30-18:00,Alter Markt,Recht auf Leben und Selbstbestimmung,2022-03-25 00:00:00,100,15
161.0,2022-04-01 00:00:00,17:00-19:00,"Hubbrücke, Westufer",Oberbürgermeisterwahl,2022-03-24 00:00:00,20,10
162.0,2022-03-26 00:00:00,15:00-17:00,Aufzug,Nieder mit der Waffen,2022-03-25 00:00:00,100,22
163.0,2022-03-21 00:00:00,18.07-19.35,Aufzug,Montagsspaziergang,,,550
164.0,2022-03-28 00:00:00,18:00-20:00,Aufzug,Montagsspaziergang,,,600
165.0,2022-04-09 00:00:00,15:00-16:30,Domplatz,Recht auf Leben und Selbstbestimmung in Frieden,2022-03-28 00:00:00,60,30
166.0,2022-04-07 00:00:00,15:00-17:30,Otto-von-Guericke-Straße 12a,Gegen Schikane im Jobcenter,2022-03-28 00:00:00,5,5
167.0,2022-04-22 00:00:00,15:00-19:00,Alter Markt Ecke Breiter Weg,Wahlkampfveranstaltung,2022-03-24 00:00:00,50,40
168.0,2022-03-29 00:00:00,15:00-16:30,Domplatz,Agrarministerkonferenz – Zukunft der Nahrungsmittelsicherheit,2022-03-29 00:00:00,30,30
169.0,2022-03-30 00:00:00,169:30-18:30,Briter Weg (Karstadt),Global denken - lokal handeln!,2022-03-30 00:00:00,10,10
170.0,2022-04-04 00:00:00,17:00-19:00,Alter Markt,Recht auf Leben und Selbstbestimmung ,2022-03-30 00:00:00,100,14
171.0,2022-04-29 00:00:00,16:00-18:00,Hasselbachplatz,"Welttanztag ""Hassel-fröhlich-bunt""",2022-03-29 00:00:00,20,20
172.0,2022-04-09 00:00:00,12:00-20:00,Domplatz,"Frieden,Freiheit, keine Diktatur",2022-03-29 00:00:00,100,1
173.0,2022-04-04 00:00:00,17:00-18:30,Breiter Weg,Montagskundgebung,2022-03-31 00:00:00,10,
174.0,2022-05-07 00:00:00,14:00-19:00,Aufzug,Global Marijuhana March - Legalisierung vin Cannabis,2022-05-07 00:00:00,1000,300
175.0,2022-04-16 00:00:00,15:00-18:00,Aufzug,Ostermarsch Magdeburg,2022-04-05 00:00:00,60,25
176.0,2022-04-07 00:00:00,17:00-18:00,Roncalli Haus,FAM Magdeburg . Wir sind mehr als Zahlen,2022-04-05 00:00:00,50,35
177.0,2022-05-15 00:00:00,11:00-12:30,Aufzug,Verkehrssicherheit für Kinder und Familien im Straßenverkehr,2022-04-07 00:00:00,300,
178.0,2022-04-11 00:00:00,17:00-19:00,Alter Markt,Recht auf Leben und Selbstbestimmung,2022-04-07 00:00:00,100,170
179.0,2022-04-13 00:00:00,17:00-18:00,Willy-Brandt-Platz,Gedenken an die deportierten Jüdinnen und Juden Magdeburgs,2022-04-08 00:00:00,30,30
180.0,2022-04-16 00:00:00,15:00-16:30,Domplatz,Recht auf Leben und Selbstbestimmung,2022-04-10 00:00:00,40,30
181.0,2022-05-17 00:00:00,17:00-21:00,am Allee-Center,Internationaler Tag gegen Homophobie und Transphobie 2022,2022-04-10 00:00:00,200,50
182.0,2022-04-23 00:00:00,14:00-15:30,Domplatz,Kriege beenden,2022-04-19 00:00:00,50,15
183.0,2022-04-30 00:00:00,14:00-15:30,Domplatz,Kriege beenden,2022-04-19 00:00:00,50,16
184.0,2022-05-01 00:00:00,10:00-13:00,Alter Markt,Kriege beenden,2022-04-19 00:00:00,20,25
185.0,2022-04-23 00:00:00,15:00-16:30,Domplatz,Recht auf Leben und Selbstbestimmung,2022-04-17 00:00:00,40,12
186.0,2022-05-01 00:00:00,15:00-16:30,Sternbrücke (Stadtparkseite),Global denken - lokal handeln!,2022-04-18 00:00:00,10,10
187.0,2022-05-14 00:00:00,13:00-20:00,Willy-Brandt-Platz,"Friede, Freiheit, keine Diktatur",2022-04-16 00:00:00,100,
188.0,2022-04-30 00:00:00,13.00-16.00,Domplatz,"Frieden sichern, Wohlstand schützen",2022-04-20 00:00:00,200,150
189.0,2022-04-23 00:00:00,15.00-18.00,"Jordanstraße, Ecke Halberstädter Straße",Mahnwache zu Ehren von Herrn Jordan,2022-04-20 00:00:00,10,10
190.0,2022-05-14 00:00:00,11.00-15.00,Alter Markt,"Präsentation des Netzwerkes, ""Schule ohne Rassismus"", Schule mit Courage""",2022-04-20 00:00:00,1000,
191.0,2022-05-01 00:00:00,10.00-14.00,Alter Markt,"Maikundgebung ""GeMAInsam Zukunft gestalten""",2022-04-22 00:00:00,1000,250
192.0,2022-04-25 00:00:00,17.00-19.00,Alter Markt,Recht auf Leben und Selbstbestimmung,2022-04-25 00:00:00,1 00,20
193.0,2022-04-30 00:00:00,15:00-16:30,Lothar-Kressig-Straße,Recht auf Leben und Selbstbestimmung,2022-04-25 00:00:00,40,25
194.0,2022-04-30 00:00:00,14.00-16.00,Haltestelle Alter Markt,Eure Krise zahlen wir nicht,2022-04-25 00:00:00,30,25
195.0,2022-05-02 00:00:00,17:00-19:00,Alter Markt,Recht auf Leben und Selbstbestimmung,2022-04-26 00:00:00,100,15
196.0,2022-05-02 00:00:00,13.00-16-00,O.v.G. (Magado),Kampftag der Erwerbslosen 2. MAI,2022-04-26 00:00:00,20,15
197.0,2022-05-21 00:00:00,14.00-17.00,Aufzug,Wir zahlen nicht für eure Krise,2022-04-26 00:00:00,150,6
198.0,2022-05-03 00:00:00,08.00-11.00,Leiterstraße,Warnstreik der Beschäftigten der Deutschen Telekom,2022-04-29 00:00:00,180,100
199.0,2022-05-07 00:00:00,15.00-16-30,Lothar-Kressig-Straße,Recht auf Leben und Selbstbestimmung,2022-05-02 00:00:00,40,20
200.0,2022-05-06 00:00:00,12.00-16.00,"Breiter Weg, Ecke Alter Markt",Wahlkampfveranstaltung / OB Stichwahl,2022-05-02 00:00:00,30,30
201.0,2022-05-07 00:00:00,14.00-15.30,Domportal,FRIEDENsVersammlung,2022-05-02 00:00:00,50,10
202.0,2022-05-14 00:00:00,14.00-15.30,Domportal,FRIEDENsVersammlung,2022-05-02 00:00:00,50,15
203.0,2022-05-21 00:00:00,14.00-15.30,Domportal,FRIEDENsVersammlung,2022-05-02 00:00:00,50,7
204.0,2022-05-28 00:00:00,14.00-15.30,Domportal,FRIEDENsVersammlung,2022-05-02 00:00:00,50,20
205.0,2022-06-14 00:00:00,16.00-17.00,Liebknechtstraße 65,Gedenkveranstaltung der Frauen des ehemaligen Frauen-KZ,2022-05-02 00:00:00,30,
206.0,2022-05-08 00:00:00,15.00-16.00,Nordfriedhof,Stilles Gedenken zum Tag der Befreiung vom Nationalsozialismus,2022-05-02 00:00:00,50,20
207.0,2022-05-08 00:00:00,10.00-11.00,Nordfriedhof," Die ""Initiative FÜR FRIEDEN - Magdeburg",2022-05-02 00:00:00,50,15
208.0,2022-05-06 00:00:00,14.00-15.30,Domplatz,Kunstprojekt für unsere Demokratie,2022-05-03 00:00:00,15,10
209.0,2022-05-11 00:00:00,08.30-09-30,Domplatz,Medizinische Grundversorgung ,2022-05-03 00:00:00,10,10
210.0,2022-05-07 00:00:00,17.00-20.00,Aufzug,Polizeigewalt,2022-05-04 00:00:00,100,100
211.0,2022-05-12 00:00:00,17.00-18-00,Domportal,Stille Mahnwache angesichts des Krieges in der Ukraine,2022-05-04 00:00:00,50,40
212.0,2022-05-14 00:00:00,10.00-17.00,Goldschmiedebrücke/Breiter Weg,Welt-Falun-Dafa Tag 2022 ,2022-05-04 00:00:00,12,10
213.0,2022-05-09 00:00:00,17.00-19.00,Alter Markt,Recht auf Leben und Selbstbestimmung,2022-05-05 00:00:00,100,15
214.0,2022-05-11 00:00:00,16.00-17.00,Tosten-Lamprecht-Weg Ecke Brücke am Wasserfall,Gedenken an Torsten Lamprecht,2022-05-05 00:00:00,25,20
215.0,2022-05-10 00:00:00,08.00-11.00,Leiterstraße,Warnstreik der Beschäftigten der Deutschen Telekom,2022-05-06 00:00:00,180,100
216.0,2022-05-06 00:00:00,15.30-18-00,Haltestelle Alter Markt,Aktion von Fridays for Future Magdeburg für ein Öl- und Gasembargo,2022-05-06 00:00:00,20,20
217.0,2022-06-22 00:00:00,09.30-15-00,Aufzug/Kundgebung,Gesundheitsministerkonferenz 2022,2022-05-05 00:00:00,1500,
218.0,2022-05-14 00:00:00,15.00-16.30,Lothar-Kressig-Straße,Recht auf Leben und Selbstbestimmung,2022-05-09 00:00:00,40,20
219.0,2022-05-20 00:00:00,13.30-17.00,Aufzug,Menschenrechtsverletzungen in der Psychatrie,2022-05-06 00:00:00,200,85
220.0,2022-05-20 00:00:00,12.00-15.00,Hasselbachplatz,"Aktionstag ""Feminismus""",2022-05-10 00:00:00,30,30
221.0,2022-05-16 00:00:00,17.00-19.00,Alter Markt,Recht auf Leben und Selbstbestimmung,2022-05-11 00:00:00,100,60
222.0,2022-05-14 00:00:00,12.00-18.00,Kundgebungen,Wir zahlen nicht für eure Krise,2022-05-09 00:00:00,30,30
223.0,2022-05-21 00:00:00,12.00-14.00,Goldschmiedebrücke,Greenpeace gegen Beimischung von Biokraftstoffen,2022-05-12 00:00:00,3,k.A.
224.0,2022-05-21 00:00:00,15.00-16.30,Lothar-Kressig-Straße,Recht auf Leben und Selbstbestimmung,2022-05-15 00:00:00,40,10
225.0,2022-05-28 00:00:00,14.00-16.00,"Breiter Weg, MVB-Häuschen",Friedenskundgebung,2022-05-15 00:00:00,100,
226.0,2022-05-23 00:00:00,18.00-20.00,Alter Markt,Recht auf Leben und Selbstbestimmung ,2022-05-16 00:00:00,100,
227.0,2022-06-01 00:00:00,15.00-17.00,Aufzug,Ich Pflanz dir eine - für ein klimabewussteres Handeln und ein Fahrradfreundliches Magdeburg,2022-05-17 00:00:00,500,300
228.0,2022-06-04 00:00:00,15.00-16.30,Lothar-Kreyssig-Straße,Recht auf Leben in Selbstbestimmung,2022-05-23 00:00:00,40,8
229.0,2022-05-27 00:00:00,17.00-19.00,"Breiter Weg,                     Alter Markt",Kunstprojekt für unsere Demokratie,2022-05-23 00:00:00,15,10
230.0,2022-06-17 00:00:00,18.00-20.30,Thiemplatz,Sozialismus JA! Aber wie? Was lernen wir aus der widersprüchlichen Geschichte der DDR?,2022-05-24 00:00:00,25,25
231.0,2022-05-30 00:00:00,18.00-20.00,Aufzug,Recht auf Leben und Selbstbestimmung,2022-05-24 00:00:00,150,98
232.0,2022-05-26 00:00:00,13.30-18.00,Alter Markt,Feministischer Frauentag,2022-05-24 00:00:00,15,15
233.0,2022-06-05 00:00:00,14.00-18.00,Goethestraße,Pavel bleibt! Jugend braucht Freiraum,2022-05-25 00:00:00,30,30
234.0,2022-06-06 00:00:00,18.00-20.00,"Aufzug, Alter Markt",Recht auf Leben und Selbstbestimmung,2022-05-30 00:00:00,150,75
235.0,2022-06-04 00:00:00,15.00-16-30,Aufzug,FRIEDENsVersammlung,2022-05-31 00:00:00,80,15
236.0,2022-06-04 00:00:00,10.00-17.00,Goldschmiedebrücke,"Gesundheit durch Falun Dafa weltweit, Orgaanraub in China",2022-05-31 00:00:00,10,k.A.
237.0,2022-06-24 00:00:00,09.00-12.00,Lothar-Kressig-Straße,Gedenken an die Ermordung Walther Rathenaus,2022-05-30 00:00:00,50,17
238.0,2022-06-04 00:00:00,15.00-17.00,Aufzug,"345. Friedensweg, Protest gegen die militärische Nutzung der Colbitz-Letzlinger Heide",2022-05-31 00:00:00,50,19
239.0,2022-06-15 00:00:00,16.00-22.00,Klosterbergegarten,"""Klima. Gerechtigkeit? Krise!"" Nachhaltige Kulturveranstaltungen",2022-06-01 00:00:00,100,20
240.0,2022-06-23 00:00:00,08.00-10.00,Vor dem Landtag,A13/E13 für Grundschullehrkräfte,2022-06-01 00:00:00,50,12
241.0,2022-06-13 00:00:00,18.00-20.00,Aufzug,Recht auf Leben und Selbstbestimmung,2022-06-07 00:00:00,150,90
242.0,2022-06-18 00:00:00,15.0016.30,Lothar-Kressig-Straße,Recht auf Leben in Selbstbestimmung,2022-06-05 00:00:00,40,20
243.0,2022-06-11 00:00:00,11.00-13.00,Willy-Brandt-Platz,FRIEDENsVersammlung,2022-06-09 00:00:00,60,55
244.0,2022-06-20 00:00:00,10.00-12.00,Ambrosiusplatz,Weltflüchtlingstag 2022,2022-06-13 00:00:00,5,
245.0,2022-06-21 00:00:00,10.00-12.00,Ambrosiusplatz,AWO-Aktionswochen Demokratieförderung und Vielfalt,2022-06-13 00:00:00,5,k.A.
246.0,2022-06-30 00:00:00,15.00-18.00,Olvenstedter Platz,Energiepreisstoppkampagne DKP Auftaktkundgebung,2022-06-13 00:00:00,9,k.A.
247.0,2022-06-20 00:00:00,10.00-12.00,Hasselbachplatz,Engagement ist bunt,2022-06-14 00:00:00,15,K.A.
248.0,2022-06-20 00:00:00,18.00-20.00,Aufzug,Recht auf Leben und Selbstbestimmung,2022-06-14 00:00:00,150,65
249.0,2022-06-18 00:00:00,16.00-18.00,Haltestelle Alter Markt,Gegen den Krieg in der Ukraine,2022-06-14 00:00:00,100,31
250.0,2022-06-23 00:00:00,15.30-22.00,Hasselbachplatz,Für mehr gegenseitiges Verständnis Austausch und Dialog am Hassel fördern,2022-06-15 00:00:00,10,K.A.
251.0,2022-06-23 00:00:00,11.30-13.30,Herrenkrug Hotel,Medizinische Grundversorgung,2022-06-17 00:00:00,20,#
252.0,2022-06-25 00:00:00,15.00-16.30,Lothar-Kressig-Straße,Recht auf Leben in Selbstbestimmung,2022-06-19 00:00:00,40,
253.0,2022-06-18 00:00:00,15.02-16.35,Breiter Weg - Haltestelle Alter Markt,K.A.,-,-,20
254.0,2022-01-31 00:00:00,18.00-19.30,-,Coronaspaziergang,-,,700
255.0,2022-02-07 00:00:00,18.00-20.00,-,Coronaspaziergang,-,,850
256.0,2022-04-04 00:00:00,18.15.20.30,-,Coronaspaziergang,-,,400
257.0,2022-06-27 00:00:00,18.00-20.30,Aufzug,Recht auf Leben und Selbstbestimmung,2022-06-21 00:00:00,150,80
258.0,2022-06-25 00:00:00,11.00-15.00,Breiter Weg,Erhalt der christlichen Werte in unserer Gesellschaft,2022-06-21 00:00:00,10,k.A.
259.0,2022-07-08 00:00:00,10.00-13.30,Alter Markt,Mahnwache zum Mayors for Peace-Tag,2022-06-22 00:00:00,10,k.A.
260.0,2022-06-24 00:00:00,14.00-18.00,Ulrichsplatz,2 Jahre Corona auch Ungeimpfte Haben Ihren Beitrag geleistet.,2022-06-23 00:00:00,50,30
261.0,2022-07-02 00:00:00,15.00-16.30,Lothar-Kressig-Straße,Recht auf Leben in Selbstbestimmung,2022-06-26 00:00:00,40,11
262.0,2022-06-30 00:00:00,13.00-17.00,Alter Markt,OB Wahl Simone Borris; Gegenkundgebung zu ihrer Amtseinführung,2022-06-27 00:00:00,15,k.A.
263.0,2022-06-29 00:00:00,10.00-12.30,Aufzug,Inklusion rockt und rollt,2022-06-28 00:00:00,30,22
264.0,2022-07-04 00:00:00,18.00-20.30,Aufzug,Recht auf Leben und Selbstbestimmung,2022-06-29 00:00:00,150,110
265.0,2022-07-01 00:00:00,16.00-19.00,Haltestelle Alter Markt,Start unserer Klimakampagne,2022-06-30 00:00:00,15,k.A.
266.0,2022-07-09 00:00:00,15.00-16.30,Lothar-Kressig-Straße,Recht auf Leben in Selbstbestimmung,2022-07-03 00:00:00,40,k.A.
267.0,2022-07-08 00:00:00,11.00-13.30,Am Krökentor 1,Arbeitsbedingungen Lehrkräfte,2022-06-17 00:00:00,4,
268.0,2022-08-20 00:00:00,13.00-13.30,Aufzug,CSD Magdeburg 2022,2022-06-30 00:00:00,999,8000
269.0,2022-07-08 00:00:00,07.00-12.00,Otto-von-Guericke-Straße (MVB),Tarifrunde TV-N 2022,2022-07-05 00:00:00,300,40
270.0,2022-07-11 00:00:00,18.00-20.30,Aufzug,Recht auf Leben in Frieden und Selbstbestimmung,2022-07-07 00:00:00,150,140
271.0,2022-07-09 00:00:00,14.00-16.00,Breiter Weg (Haltestelle Alter Markt),KAMPFKULTUR - ALLE NACH MAINZ,2022-07-06 00:00:00,10,
272.0,2022-07-16 00:00:00,15.00-16.30,Lothar-Kressig-Straße,Recht auf Leben in Selbstbestimmung,2022-07-11 00:00:00,40,10
273.0,2022-08-05 00:00:00,16.00-18.00,Alter Markt,Eröffnung CSD-Wochen,2022-07-11 00:00:00,60,100
274.0,2022-07-13 00:00:00,03.00-24.00,Breiter Weg (MVB),Tarifrunde TV-N 2022,2022-07-11 00:00:00,50,50
275.0,2022-07-18 00:00:00,18.00-20.30,Aufzug,Recht auf Leben und Selbstbestimmung,2022-07-13 00:00:00,150,110
276.0,2022-07-30 00:00:00,10.00-17.00,Goldschmiedebrücke,"Gesundheit durch Falun Dafa weltweit, Organraub in China",2022-07-15 00:00:00,10,
277.0,2022-07-22 00:00:00,17.30-18.30,Hasselbachplatz,In Gedenken an die Opfer des rechten Anschlags in München vor dem OEZ vom 22.7.16.,2022-07-14 00:00:00,50,20
278.0,2022-08-01 00:00:00,09.30-12.30,Alter Markt,Aktion für eine demokratische Zivilgesellschaft und Förderung der Vielfalt Bürgerschaftlichen Engagements in Magdeburg,2022-07-15 00:00:00,50,14
279.0,2022-07-23 00:00:00,15.00-16.30,Lothar-Kreyssig-Straße,Recht auf Leben in Selbstbestimmung,2022-07-18 00:00:00,40,7
280.0,2022-07-21 00:00:00,17.00-21.00,Hasselbachplatz,Kundgebung gegen Rechts,2022-07-19 00:00:00,30,14
281.0,2022-07-25 00:00:00,18.00-20.30,Aufzug,Recht auf Leben und Selbstbestimmung,2022-07-19 00:00:00,150,75
282.0,2022-08-05 00:00:00,16.00-18.00,Alter Markt,Flaggenhissen vorm Rathaus und CSD Eröffnung,2022-07-21 00:00:00,100,100
283.0,2022-08-30 00:00:00,16.00-18.00,Breiter Weg,Gleiche Rechte für Alle,2022-07-26 00:00:00,150,200
284.0,2022-08-01 00:00:00,18.00-20.30,Aufzug,Recht auf Leben und Selbstbestimmung,2022-07-26 00:00:00,150,93
285.0,2022-08-09 00:00:00,11.00-11.45,Alter Markt,Gedenkfeier zum Hiroshima- und Nagasaki-Tag,2022-07-26 00:00:00,30,50
286.0,2022-08-09 00:00:00,12.00-16.00,Ernst-Reuter-Allee/ Breiter Weg,Mahnwache zum Hiroshima- und Nagasaki-Tag,2022-07-26 00:00:00,10,10
287.0,2022-07-30 00:00:00,16.00-19.00,Domplatz,30. Jubiläum Landesamt für Verfassungsschutz,2022-07-22 00:00:00,30,14
288.0,2022-08-06 00:00:00,15.00-17.00,Ernst-Reuter-Allee/ Breiter Weg,Hiroshima-Tag,2022-07-26 00:00:00,50,16
289.0,2022-08-18 00:00:00,15.00-17.30,Sternbrücke (Stadtparkseite),Gegen die Bebauung der der Rotehorninsel,2022-08-01 00:00:00,7,K.A.
290.0,2022-07-30 00:00:00,15.00-17-00,Neustädter Platz,Kundgebubg gegen Rechts,2022-07-18 00:00:00,30,13
291.0,2022-08-01 00:00:00,17.00-18.30,Breiter Weg,Montagskundgebung,2022-07-28 00:00:00,10,10
292.0,2022-09-10 00:00:00,15.00-21.00,Sternbrücke (Stadtparkseite),Gegen die Bebauung der der Rotehorninsel,2022-08-01 00:00:00,15,k.A.
293.0,2022-09-03 00:00:00,15.00-16.30,Lothar-Kressig-Straße,Recht auf Leben in Selbstbestimmung,2022-07-27 00:00:00,40,
294.0,2022-08-08 00:00:00,18.00-20.30,Aufzug,Recht auf Leben und Selbstbestimmung,2022-08-02 00:00:00,150,115
295.0,2022-09-05 00:00:00,18.00-22.00,Domplatz,"Preisexplosion stoppen – für Frieden, Freiheit und Wohlstand!",2022-08-03 00:00:00,300,2600
296.0,2022-09-05 00:00:00,17.00-18.30,Breiter Weg (MVB),Montagskundgebung,2022-08-05 00:00:00,15,80
297.0,2022-09-09 00:00:00,08.45-10.00,Hegelstraße 40-42,#GoodPlayFairPay: Faire Honorare f. freischaffende Musiker,2022-08-07 00:00:00,20,25
298.0,2022-08-23 00:00:00,11.00-16.00,Aufzug,Ohne Kerosin nach Berlin – Fahrradprotesttour für Klimaschutz und Verkehrswende,2022-08-01 00:00:00,70,
299.0,2022-08-24 00:00:00,10.30-17.30,Aufzug,Ohne Kerosin nach Berlin – Fahrradprotesttour für Klimaschutz und Verkehrswende,2022-08-01 00:00:00,70,
300.0,2022-09-01 00:00:00,16.30-17.30,Friedensplatz,Für den Frieden! Gegen einen neuen Rüstungswettlauf! Die Waffen müssen endlich schweigen!,2022-08-05 00:00:00,50,40
301.0,2022-08-15 00:00:00,18.00-20.30,Aufzug,Recht auf Leben und Selbstbestimmung,2022-08-09 00:00:00,150,115
302.0,2022-08-27 00:00:00,14.00-16.00,Ulrichsplatz,Greenpeace gegen die Zerstörung des Amazonas,2022-08-11 00:00:00,4,k.A.
303.0,2022-08-16 00:00:00,16.00-16.30,Hektorweg,"Gedenken an Rick L, Todesopfer Rechter Gewalt",2022-08-15 00:00:00,15,9
304.0,2022-08-22 00:00:00,19.00-20.30,Aufzug,Recht auf Leben und Selbstbestimmung,2022-08-16 00:00:00,150,146
305.0,2022-08-20 00:00:00,11.00-19.00,Breiter Weg 20,"Queer, selbstbestimmt, grün-selbstbestimmt vereint",2022-08-15 00:00:00,15,20
306.0,2022-08-26 00:00:00,"12.00,15.00",Aufzug,Gesicht zeigen für eine öko-soziale Mobilitätswende,2022-08-17 00:00:00,500,135
307.0,2022-08-20 00:00:00,14.00-15.30,Haltestelle Alter Markt,"WIDERSTAND IST PFLICHT - KAMPFKULTUR!""",2022-08-17 00:00:00,10,13
308.0,2022-09-23 00:00:00,15.00-22.00,Aufzug,Klimagerechtigkeit,2022-08-18 00:00:00,750,300
309.0,2022-08-22 00:00:00,17.00-20.00,Goldschmiedebrücke,Kundgebung gegen Rechts,2022-08-20 00:00:00,30,17
310.0,2022-08-25 00:00:00,17.00-20.00,Olvenstedter Platz,Kundgebung gegen Rechts,2022-08-20 00:00:00,30,8
311.0,2022-09-02 00:00:00,18.00-22.00,Aufzug,Demonstration gegen Rechts,2022-08-20 00:00:00,200,150
312.0,2022-08-15 00:00:00,19.30-21.15,Autokorso,-,-,-,14
313.0,2022-09-03 00:00:00,10.00-18.00,Aufzug,Klassenkampf statt Kampfkultur,2022-08-17 00:00:00,50,135
314.0,2022-08-25 00:00:00,16.00-18.00,Festung Mark,Heißer Herbst,2022-08-23 00:00:00,100,
315.0,2022-08-26 00:00:00,10.00-17.00,Otto-von-Guericke-Straße,Streiklokal Tarifrunde TV-N 2022 – Warnstreik  ,2022-08-23 00:00:00,200,70
316.0,2022-08-27 00:00:00,14.00-15.00,Domportal,FRIEDENsVersammlung,2022-08-24 00:00:00,60,15
317.0,2022-09-01 00:00:00,16.00-17.00,Friedensbrücke,FRIEDENsVersammlung,2022-08-24 00:00:00,5,k.A.
318.0,2022-08-25 00:00:00,15.30-16.30,Walther-Rathenau-Straße,FRIEDENsVersammlung,2022-08-24 00:00:00,3,
319.0,2022-09-05 00:00:00,17.00-17.50,Breiter Weg,FRIEDENsVersammlung,2022-08-24 00:00:00,3,
320.0,2022-09-02 00:00:00,16.00-22.00,Gardeleger Straße 16,WIDERSTAND IST PFLICHT - KAMPFKULTUR!,2022-08-24 00:00:00,30,21
321.0,2022-08-29 00:00:00,18.00-20.30,Aufzug,Recht auf Leben und Selbstbestimmung,2022-08-24 00:00:00,150,190
322.0,2022-08-31 00:00:00,09.00-09.30,Domplatz,Medizinische Grundversorgung,2022-08-28 00:00:00,10,k.A.
323.0,2022-09-05 00:00:00,17.00-18.30,Aufzug,Recht auf Leben und Selbstbestimmung,2022-08-30 00:00:00,200,300
324.0,2022-09-01 00:00:00,16.30-18.00,Friedensplatz,Friedensversammlung,2022-08-31 00:00:00,6,5
325.0,2022-09-08 00:00:00,11.00-13.30,Domplatz,"Eltern-Kind-Entfremdung, Kampagne ""Genug Tränen""",2022-08-30 00:00:00,4,4
326.0,2022-09-03 00:00:00,10.00-20.00,Konrad-Adenauer-Platz,Energiepreisstopp Kampagne,2022-09-02 00:00:00,20,65
327.0,2022-10-19 00:00:00,13.00-19.00,Domplatz,KiFög – Personelle Situation in den Kitas und Horten,2022-09-01 00:00:00,30,20
328.0,2022-09-04 00:00:00,17.00-18.00,Hasselbachplatz,"Ermordung des trans*Mannes Malte auf dem CSD in Münster, Gedenken",2022-09-02 00:00:00,20,20
329.0,2022-09-10 00:00:00,15.00-16.30,Lothar-Kreyssig-Straße,Recht auf Leben in Selbstbestimmmung,2022-09-04 00:00:00,40,11
330.0,2022-10-15 00:00:00,12.00-17.00,Erhard-Hübner-Platz,Aufklärung zu moderner Sklaverei und Menschenhandel,2022-09-05 00:00:00,5,2
331.0,2022-09-18 00:00:00,14.00-17.00,Aufzug,Fahrrad DEMO - Zeit fürs Rad!,2022-09-05 00:00:00,2000,
332.0,2022-09-15 00:00:00,16.00-20.00,Am Blauen Bock,Energiepreisstopp Kampagne,2022-09-05 00:00:00,20,15
333.0,2022-09-12 00:00:00,16.00-19.00,Breiter Weg/ Ernst-Reuter-Allee,"Protest gegen Sozialabbau, Energiepolitik, Kriegspolitik der Bundesregierung",2022-09-06 00:00:00,60,4
334.0,2022-09-19 00:00:00,16.00-19.00,Breiter Weg/ Ernst-Reuter-Allee,"Protest gegen Sozialabbau, Energiepolitik, Kriegspolitik der Bundesregierung",2022-09-06 00:00:00,60,5
335.0,2022-09-26 00:00:00,16.00-19.00,Breiter Weg/ Ernst-Reuter-Allee,"Protest gegen Sozialabbau, Energiepolitik, Kriegspolitik der Bundesregierung",2022-09-06 00:00:00,60,5
336.0,2022-10-13 00:00:00,14.30-19.00,Domplatz,A13/E13 für Grundschullehrkräfte,2022-09-06 00:00:00,2000,350
337.0,2022-09-12 00:00:00,18.00-20.30,Aufzug,Recht auf Leben und Selbstbestimmung,2022-09-06 00:00:00,200,2060
338.0,2022-09-14 00:00:00,14.00-17.00,Breiter Weg,Aufenthaltsqualität in der Innenstadt schaffen!,2022-09-02 00:00:00,20,K.A.
339.0,2022-10-01 00:00:00,14.00-16.00,Breiter Weg/ Ernst-Reuter-Allee,"Protest gegen Sozialabbau, Energiepolitik, Kriegspolitik der Bundesregierung",2022-09-08 00:00:00,60,2
340.0,2022-09-27 00:00:00,17.00-18.30,Hasselbachplatz,Gedenken Farid Boukhit,2022-09-08 00:00:00,30,17
341.0,2022-10-03 00:00:00,18.00-22.00,Domplatz,"Preisexplosion stoppen – für Frieden, Freiheit und Wohlstand!",2022-09-12 00:00:00,500,2500
342.0,2022-09-24 00:00:00,15.00-16.30,Lothar-Kressig-Straße,Recht auf Leben in Selbstbestimmung,2022-09-12 00:00:00,40,7
343.0,2022-09-16 00:00:00,14.00-19.00,Breiter Weg,Parking Day / Verkehrswende / Radverkehr voran bringen,2022-09-13 00:00:00,30,12
344.0,2022-09-27 00:00:00,17.00-19.00,Willy-Brandt-Platz,Preise rauf? - Deckel drauf! Gerecht durch die Kriese!,2022-09-13 00:00:00,500,142
345.0,2022-09-19 00:00:00,18.00-20.00,Aufzug,"Preisexplosion stoppen – für Frieden, Freiheit und Wohlstand!",2022-09-12 00:00:00,500,2200
346.0,2022-09-18 00:00:00,13.00-15.00,Petriförder,Für eine soziale und ökologische Kriesenlösung,2022-09-13 00:00:00,15,14
347.0,2022-09-19 00:00:00,18.00-21.00,Aufzug,Recht auf Leben und Selbstbestimmung,2022-09-14 00:00:00,1500,550
348.0,2022-09-26 00:00:00,18..0-20.00,Aufzug,"Preisexplosion stoppen – für Frieden, Freiheit und Wohlstand!",2022-09-14 00:00:00,1000,2200
349.0,2022-09-19 00:00:00,17.30-20.00,Ernst-Reuter-Allee 26,Es Reicht. Protestieren statt frieren,2022-09-14 00:00:00,50,81
350.0,2022-09-20 00:00:00,14.00-17.00,Aufzug,Kinderrechte eine Demo durch Stadtfeld ,2022-09-15 00:00:00,120,153
351.0,2022-09-26 00:00:00,17.30-20.30,Autokorso,Autokorso trittft Spaziergang,2022-09-15 00:00:00,300,
352.0,2022-10-03 00:00:00,18.00-19.30,Breiter Weg,Montagskundgebung,2022-09-19 00:00:00,100,30
353.0,2022-10-10 00:00:00,18.00-20.00,Domplatz,"Preisexplosion stoppen – für Frieden, Freiheit und Wohlstand!",2022-09-20 00:00:00,1000,950
354.0,2022-10-17 00:00:00,18.00-20.00,Domplatz,"Preisexplosion stoppen – für Frieden, Freiheit und Wohlstand!",2022-09-20 00:00:00,1000,950
355.0,2022-10-24 00:00:00,18.00-20.00,Domplatz,"Preisexplosion stoppen – für Frieden, Freiheit und Wohlstand!",2022-09-20 00:00:00,1000,880
356.0,2022-10-31 00:00:00,18.00-20.00,Domplatz,"Preisexplosion stoppen – für Frieden, Freiheit und Wohlstand!",2022-09-20 00:00:00,1000,450
357.0,2022-11-07 00:00:00,18.00-20.00,Domplatz,"Preisexplosion stoppen – für Frieden, Freiheit und Wohlstand!",2022-09-20 00:00:00,1000,650
358.0,2022-11-14 00:00:00,18.00-20.00,Domplatz,"Preisexplosion stoppen – für Frieden, Freiheit und Wohlstand!",2022-09-20 00:00:00,1000,670
359.0,2022-11-21 00:00:00,18.00-20.00,Domplatz,"Preisexplosion stoppen – für Frieden, Freiheit und Wohlstand!",2022-09-20 00:00:00,1000,360
360.0,2022-11-28 00:00:00,18.00-20.00,Domplatz,"Preisexplosion stoppen – für Frieden, Freiheit und Wohlstand!",2022-09-20 00:00:00,1000,400
361.0,2022-12-05 00:00:00,18.00-20.00,Domplatz,"Preisexplosion stoppen – für Frieden, Freiheit und Wohlstand!",2022-09-20 00:00:00,1000,0
362.0,2022-12-12 00:00:00,18.00-20.00,Domplatz,"Preisexplosion stoppen – für Frieden, Freiheit und Wohlstand!",2022-09-20 00:00:00,1000,120
363.0,2022-12-19 00:00:00,18.00-20.00,Domplatz,"Preisexplosion stoppen – für Frieden, Freiheit und Wohlstand!",2022-09-20 00:00:00,1000,70
364.0,2022-09-26 00:00:00,18.00-20.30,Aufzug,Recht auf Leben und Selbstbestimmung,2022-09-26 00:00:00,1000,300
365.0,2022-10-11 00:00:00,18.00-21.00,Aufzug,Für eine soziale und ökologische Krisenlösung,2022-09-20 00:00:00,500,180
366.0,2022-09-26 00:00:00,17.15-20.00,Walther-Rathenau-Straße 33b,Gegen Energieumlage! Für eine Übergewinnsteuer!,2022-09-21 00:00:00,30,75
367.0,2022-10-01 00:00:00,15.00-16.30,Lothar-Kressig-Straße,Recht auf Leben in Selbstbestimmung,2022-09-25 00:00:00,40,8
368.0,2022-10-01 00:00:00,15.00-17.00,"Breiter Weg Haltestelle ""Alter Markt""",aktuellen Lage im Iran ,2022-09-25 00:00:00,150,130
369.0,2022-10-03 00:00:00,17.30-23.00,Domplatz,Gegenveranstaltung zur Montagsdemonstration,2022-09-25 00:00:00,100,55
370.0,2022-10-03 00:00:00,17.00-19.00,Aufzug,Die unverzeihlichen Menschenrechtsverletzungen und Die Solidarität mit Menschen im Iran,2022-09-27 00:00:00,137,
371.0,2022-10-03 00:00:00,18.00-20.00,Aufzug,Recht auf Leben und Selbstbestimmung,2022-09-27 00:00:00,1000,200
372.0,2022-10-03 00:00:00,17.30-19.30,Kundgebungen,Kunstprojekt für unsere Demokratie ,2022-07-27 00:00:00,15,9
373.0,2022-10-02 00:00:00,18.30-20.30,Hasselbachplatz,Gemeinsames Gedenken an Jina Amini,2022-09-28 00:00:00,9,60
374.0,2022-10-03 00:00:00,14.00-17.00,Aufzug,Ohne Selbstbestimmung nur Krieg und Krise,2022-09-28 00:00:00,60,71
375.0,2022-10-03 00:00:00,17.00-18.00,"Breiter Weg Haltestelle ""Alter Markt""","Protest gegen Sozialabbau, Energiepolitik, Kriegspolitik der Bundesregierung",2022-09-28 00:00:00,6,6
376.0,2022-10-10 00:00:00,17.00-19.00,"Breiter Weg Haltestelle ""Alter Markt""","Protest gegen Sozialabbau, Energiepolitik, Kriegspolitik der Bundesregierung",2022-09-28 00:00:00,6,5
377.0,2022-10-17 00:00:00,17.00-19.00,"Breiter Weg Haltestelle ""Alter Markt""","Protest gegen Sozialabbau, Energiepolitik, Kriegspolitik der Bundesregierung",2022-09-28 00:00:00,6,4
378.0,2022-10-24 00:00:00,17.00-18.00,"Breiter Weg Haltestelle ""Alter Markt""","Protest gegen Sozialabbau, Energiepolitik, Kriegspolitik der Bundesregierung",2022-09-28 00:00:00,6,10
379.0,2022-10-31 00:00:00,17.00-18.00,"Breiter Weg Haltestelle ""Alter Markt""","Protest gegen Sozialabbau, Energiepolitik, Kriegspolitik der Bundesregierung",2022-09-28 00:00:00,6,8
380.0,2022-10-29 00:00:00,14.00-15.00,Domportal,"Protest gegen Sozialabbau, Energiepolitik, Kriegspolitik der Bundesregierung",2022-09-28 00:00:00,6,k.A.
381.0,2022-10-10 00:00:00,18.00-20.30,Aufzug,Recht auf Leben und Selbstbestimmung,2022-10-05 00:00:00,1000,250
382.0,2022-10-15 00:00:00,15.00-17.00,Alter Markt,Stop Hazara Genozide,2022-10-08 00:00:00,300,180
383.0,2022-10-15 00:00:00,15.00-16.30 ,Lothar-Kressig-Straße,Recht auf Leben in Selbstbestimmung,2022-10-08 00:00:00,40,6
384.0,2022-10-24 00:00:00,18.00-20.00,Breiter Weg am MVB-Häuschen,Montagskundgebung,2022-10-04 00:00:00,100,23
385.0,2022-10-11 00:00:00,17.30-19-00,Willy-Brandt-Platz,"Protest gegen Sozialabbau, Energiepolitik, Kriegspolitik der Bundesregierung",2022-10-09 00:00:00,6,5
386.0,2022-10-11 00:00:00,17.00-19.00,Aufzug,Wir stehen zur Ukraine (We staand with Ukraine),2022-10-11 00:00:00,200,500
387.0,2022-10-17 00:00:00,18.00-20.30,Aufzug,Recht auf Leben und Selbstbestimmung,2022-10-11 00:00:00,1000,250
388.0,2022-10-14 00:00:00,09.00-19.00,Leiterstraße,Mahnwache gegen das Impfen,2022-10-12 00:00:00,4,3
389.0,2022-10-17 00:00:00,17.30-20.00,Alter Markt,Kunstprojekt für unsere Demokratie ,2022-10-12 00:00:00,15,8
390.0,2022-10-19 00:00:00,09.00-15.00,Domplatz,Sprach-Kitas retten,2022-10-13 00:00:00,150,60
391.0,2022-10-17 00:00:00,17.30-20.00,Ulichplatz,Es Reicht. Protestieren statt frieren,2022-10-14 00:00:00,50,20
392.0,2022-10-20 00:00:00,17.00-19.30,Aufzug,"Helfen Sie mit, ukrainische Kinder zu schützen",2022-10-16 00:00:00,300,360
393.0,2022-10-25 00:00:00,17.00-21.00,Autokorso,Schluss mit der Politik gegen das eigene Volk,2022-10-14 00:00:00,300,85
394.0,2022-10-30 00:00:00,09.00-15.00,O.v.G. gegenüber dem Maritim,Protest gegen die Verleihung des Deutschen Umweltpreises an zwei Teilnehmerinnen der Zukunftskommission Landwirtschaft,2022-10-13 00:00:00,30,30
395.0,2022-10-29 00:00:00,15.00-16.30,Lothar-Kressig-Straße,Recht auf Leben in Selbstbestimmung,2022-10-18 00:00:00,40,40
396.0,2022-10-24 00:00:00,18.00-20.30,Aufzug,Recht auf Leben und Selbstbestimmung,2022-10-18 00:00:00,1000,220
397.0,2022-10-24 00:00:00,17.30-20.00,Lothar-Kressig-Straße,Kunstprojekt für unsere Demokratie ,2022-10-19 00:00:00,15,10
398.0,2022-10-26 00:00:00,18.30-19.30, Erich-Weinert-Straße27,Protestkundgebung gegen den Auftritt von Uwe Steimle im AMO,2022-10-20 00:00:00,15,6
399.0,2022-10-31 00:00:00,17.50-20.30,Aufzug,Recht auf Leben und Selbstbestimmung,2022-10-25 00:00:00,1000,200
400.0,2022-10-31 00:00:00,17.30-18.00,Alter Markt,Kunstprojekt für Demokratie,2022-10-27 00:00:00,15,
401.0,2022-11-07 00:00:00,17.00-19.00,"Breiter Weg Haltestelle ""Alter Markt""","Protest gegen Sozialabbau, Energiepolitik, Kriegspolitik der Bundesregierung",2022-10-29 00:00:00,6,9
402.0,2022-11-14 00:00:00,17.00-19.00,"Breiter Weg Haltestelle ""Alter Markt""","Protest gegen Sozialabbau, Energiepolitik, Kriegspolitik der Bundesregierung",2022-10-29 00:00:00,6,10
403.0,2022-11-21 00:00:00,17.00-19.00,"Breiter Weg Haltestelle ""Alter Markt""","Protest gegen Sozialabbau, Energiepolitik, Kriegspolitik der Bundesregierung",2022-10-29 00:00:00,6,10
404.0,2022-11-28 00:00:00,17.00-19.00,"Breiter Weg Haltestelle ""Alter Markt""","Protest gegen Sozialabbau, Energiepolitik, Kriegspolitik der Bundesregierung",2022-10-29 00:00:00,6,9
405.0,2022-11-05 00:00:00,15.00-16.30,Lothar-Kressig-Straße,Recht auf Leben in Selbstbestimmung,2022-10-30 00:00:00,40,
406.0,2022-11-12 00:00:00,12.00-14.00,"Breiter Weg Haltestelle ""Alter Markt""",Keine Unterordnung des Umweltschutzes unter die Kriegspolitik! ,2022-10-31 00:00:00,15,15
407.0,2022-11-07 00:00:00,17.50-20.30,Aufzug,Recht auf Leben und Selbstbestimmung,2022-11-02 00:00:00,500,120
408.0,2022-11-07 00:00:00,17.30-18-00,Ulrichplatz,Kunstprojekt für unsere Demokratie,2022-11-03 00:00:00,15,7
409.0,2022-11-19 00:00:00,15.00-16.30,Lothar-Kressig-Straße,Recht auf Leben in Selbstbestimmung,2022-11-06 00:00:00,40,10
410.0,2022-11-09 00:00:00,17.00-18.30,Aufzug,Pogromgedenken,2022-11-04 00:00:00,200,120
411.0,2022-11-07 00:00:00,16.00-18.00,Willy-Brandt-Platz,Protest gegen die türkische Diktatur/Erdogan,2022-11-07 00:00:00,20,11
412.0,2022-11-14 00:00:00,17.30-18.00,Ulrichplatz,Kunstprojekt für unsre Demokratie,2022-11-09 00:00:00,15,10
413.0,2022-11-14 00:00:00,17.50-20.30,Aufzug,Recht auf Leben und Selbstbestimmung,2022-11-09 00:00:00,500,150
414.0,2022-11-29 00:00:00,17.30-21.00,Aufzug,Jenuch is Jenuch - Preise runter! Rauf auf die Straße,2022-11-08 00:00:00,400,126
415.0,2022-11-21 00:00:00,17.50-20.30,Aufzug,Recht auf Leben und Selbstbestimmung,2022-11-15 00:00:00,500,180
416.0,2022-11-26 00:00:00,12.00-17.00,Aufzug,Energiepreisstopp jetzt,2022-11-15 00:00:00,60,40
417.0,2022-12-06 00:00:00,14.00-15.00,Brenneckestraße 6,Gegen Tierversuche,2022-11-21 00:00:00,10,K.A.
418.0,2022-11-21 00:00:00,7.00-14.00,Gustav-Adolf-Straße/Walther-Rathenau-Straße,-,-,6,
419.0,2022-12-03 00:00:00,15.00-16.30,Lothar-Kressig-Straße,Recht auf Leben in Selbstbestimmung,2022-11-21 00:00:00,40,9
420.0,2022-11-28 00:00:00,17.50-20.30,Aufzug,Recht auf Leben und Selbstbestimmung,2022-11-22 00:00:00,500,120
421.0,2022-11-25 00:00:00,10.30-12.00,Domplaatz,Gemeinwohlorientierte Verpachtung öffentlicher Flächen,2022-11-23 00:00:00,10,k.A.
422.0,2022-12-16 00:00:00,10.45-13.30,Am Krökentor 1-3,Arbeitsbedingungen Lehrkräfte,2022-12-24 00:00:00,5,k.A.
423.0,2022-11-25 00:00:00,17.00-18.30,Aufzug,Kiez-Spaziergang,-,,40
424.0,2022-12-09 00:00:00,14.00-18.00,Breiter Weg 128,Sozialfonds für Magdeburg jetzt,2022-11-29 00:00:00,50,15
425.0,2022-12-03 00:00:00,09.00-10.00,Moritzplatz,gemeinsames Handeln für Frieden,2022-11-30 00:00:00,4,K.A.
426.0,2022-12-05 00:00:00,18.00-19.00,Breiter Weg /Ernst-Reuter-Allee,"Protest gegen Sozialabbau, aktuelle Energiepolitik, Kriegspolitik der aktuellen Bundesregierung",2022-11-30 00:00:00,6,11
427.0,2022-12-12 00:00:00,18.00-19.00,Breiter Weg /Ernst-Reuter-Allee,"Protest gegen Sozialabbau, aktuelle Energiepolitik, Kriegspolitik der aktuellen Bundesregierung",2022-11-30 00:00:00,6,8
428.0,2022-12-19 00:00:00,18.00-19.00,Breiter Weg /Ernst-Reuter-Allee,"Protest gegen Sozialabbau, aktuelle Energiepolitik, Kriegspolitik der aktuellen Bundesregierung",2022-11-30 00:00:00,6,
429.0,2022-12-14 00:00:00,08.30-10.00,Vor dem Landtag,A13/E13 für Grundschullehrkräfte,2022-12-01 00:00:00,15,k.A.
430.0,2022-12-05 00:00:00,18.00-20.30,Aufzug,Recht auf Leben und Selbstbestimmung,2022-12-02 00:00:00,500,185
431.0,2022-12-12 00:00:00,18.00-20.30,Aufzug,Recht auf Leben und Selbstbestimmung,2022-12-05 00:00:00,500,110
432.0,2022-12-17 00:00:00,15.00-16.30,Lothar-Kressig-Straße,Recht auf Leben in Selbstbestimmung,2022-12-06 00:00:00,40,18
433.0,2022-11-29 00:00:00,18.00-19.00,Willy-Brandt-Platz,-,-,,8
434.0,2022-12-17 00:00:00,13.00-14.30,vor Karstadt,Unterstützung der iranischnen Bevölkerung,2022-12-12 00:00:00,150,45
435.0,2022-12-19 00:00:00,18.00-20.30,Aufzug,Recht auf Leben und Selbstbestimmung,2022-12-14 00:00:00,500,
