Lfd. Nr. ,Datum der Vers,Thema,Unnamed: 3,Unnamed: 4
,,,TN angemeldet,TN anwesend
1.0,2023-01-14 00:00:00,Themenveranstaltung gegen Faschismus und Kapital,20,0
2.0,2023-01-21 00:00:00,Themenveranstaltung gegen Faschismus und Kapital,20,6
3.0,2023-02-20 00:00:00,"Preisexplosion stoppen – für Frieden, Freiheit und Wohlstand!",1000,300
4.0,2023-01-01 00:00:00,Ein Funken Hoffnung,300,185
5.0,2023-01-07 00:00:00,Recht auf Leben in Selbstbestimmung,40,15
6.0,2023-01-16 00:00:00,"Auftakt zur Aktionswoche ""Eine Stadt für alle""",3000,400
7.0,2023-01-21 00:00:00,Genug ist genug! Solidarität und Gemeinschaft als Antwort auf die Krise.,100,4
8.0,2023-01-21 00:00:00,Eine Stadt für alle unterm Regenbogen,30,32
9.0,2023-01-21 00:00:00,Buckau Block - Gemeinsam für Demokratie,200,50
10.0,21.01.2023,Klimagerechtigkeit,950,60
11.0,2023-01-21 00:00:00,Grüne für ein weltoffenes Magdeburg,15,7
12.0,2023-01-21 00:00:00,Gegen Antisemitismus. Für Weltoffenheit und Toleranz,30,5
13.0,2023-01-21 00:00:00,"Mahnveranstaltung im Rahmen der Veranstaltung ""Eine Stadt für Alle""",20,4
14.0,2023-01-21 00:00:00,Ökumenischer Friedensweg - Gedenken an die Opfer von Krieg und Gewalt,400,70
15.0,2023-01-21 00:00:00,Zeichen setzen! - Für Demokratie und Weltoffenheit,30,8
16.0,2023-01-02 00:00:00,Protest gegen die Kriegspolitik der Ampel-Bundesregierung (Diplomatie statt Waffenexporte),10,3
17.0,2023-01-23 00:00:00,Protest gegen die Kriegspolitik der Ampel-Bundesregierung (Diplomatie statt Waffenexporte),10,10
18.0,2023-01-09 00:00:00,Recht auf Leben und Selbstbestimmung,250,180
19.0,2023-04-16 00:00:00,Kinder aufs Rad,300,150
20.0,2023-05-12 00:00:00,Walk of Care 2023 MD,300,350
21.0,2023-01-21 00:00:00,Solidarische Gesellschaft Magdeburg – Kein Platz den Menschenfeinden,50,10
22.0,2023-01-21 00:00:00,"Aktionstag für Frieden, Toleranz und Solidarität",250,50
23.0,2023-01-16 00:00:00,Frieden jetzt,3,1
24.0,2023-01-26 00:00:00,Aktion für eine demokratische Zivilgesellschaft und Förderung der Vielfalt Bürgerschaftlichen Engagements in Magdeburg im Rahmen der Aktionswoche „Eine Stadt für Alle“,20,
25.0,2023-01-16 00:00:00,Recht auf Leben und Selbstbestimmung,300,200
26.0,2023-01-14 00:00:00,Erhalt der christlichen Werte in unserer Gesellschaft,10,8
27.0,2023-01-21 00:00:00,Solidarität verteidigen - Kein Platz für Nazis,20,10
28.0,2023-01-16 00:00:00,Kunstprojekt für unsere Demokratie,15,8
29.0,2023-01-21 00:00:00,Recht auf Leben in Selbstbestimmung,40,8
30.0,2023-01-13 00:00:00,Kohlestopp statt Feiern - Kundgebung zum Neujahrsempfang der Partei B90/ Die Grünen,30,40
31.0,2023-01-21 00:00:00,Mahnwache gegen Antisemitismus und Verfälschung der Geschichte – für Toleranz und Demokratie,200,16
32.0,2023-01-21 00:00:00,",,Meilenstein"" für ein demokratisches und weltoffenes Magdeburg im Bündnis gegen Rechts und Friedenskundgebung",40,10
33.0,2023-01-16 00:00:00,Protest gegen die Kriegspolitik der Ampel-Bundesregierung (Diplomatie statt Waffenexporte),10,8
34.0,2023-01-23 00:00:00,Recht auf Leben und Selbstbestimmung,300,160
35.0,2023-01-21 00:00:00,Kundgebung anlässlich der Gegenproteste zum 21.01.2023,50,7
36.0,2023-01-21 00:00:00,Freidensweg,30,52
37.0,2023-01-21 00:00:00,Extremismus und Terrorismus - mit chridtlichem Glaube unvereinbar,10,2
38.0,2023-01-21 00:00:00,Für demokratischen Verkehr,200,5
39.0,2023-02-14 00:00:00,Tanzaktion gegen Gewalt an Frauen,50,55
40.0,2023-01-21 00:00:00,Kundgebung gegen Rassismus und Menschenverachtung,100,0
41.0,2023-01-21 00:00:00,Kundgebung gegen Rassismus und Menschenverachtung,50,2
42.0,2023-01-21 00:00:00,Nazis wegbassen,250,310
43.0,2023-01-21 00:00:00,Für Toleranz und Vielfalt,50,4
44.0,2023-01-21 00:00:00,Für Weltoffenheit und Toleranz,50,4
45.0,2023-01-21 00:00:00,Getreu den Glauben,25,30
46.0,2023-01-21 00:00:00,Magdeburg - eine weltoffene Stadt,10,5
47.0,2023-01-21 00:00:00,Stadtfeldnazifrei,10,3
48.0,2023-01-21 00:00:00,Für Toleranz und Vielfalt,250,6
49.0,2023-01-21 00:00:00,"Protest gegen faschistische Aktivitäten und die Unterstützung der Aktionswoche ""Eine Stadt für Alle""",,8
50.0,2023-02-03 00:00:00,Freiheit für alle politischen Gefangenen,10,13
51.0,2023-01-28 00:00:00,"Kundgebung gegen das Verbot von Frauenarbeit, Bildung und Musik in Afgahnistan",100,55
52.0,2023-02-04 00:00:00,Recht auf Leben in Selbstbestimmung,40,10
53.0,2023-01-30 00:00:00,Recht auf Leben und Selbstbestimmung,300,140
54.0,2023-02-13 00:00:00,Arbeitsbedingungen für Lehrkräfte an öffentlichen Schulen,2500,2500
55.0,2023-01-30 00:00:00,"Der Taten erinnern, der Opfer Gedenken",30,25
56.0,2023-01-30 00:00:00,Protest gegen die Kriegspolitik der Bundesregierung,10,10
57.0,2023-01-16 00:00:00,Extremismus und Terrorismus sind nicht vereinbar mit christlichen Werten,,15
58.0,2023-01-25 00:00:00,Friedenslieder singen,10,6
59.0,2023-02-01 00:00:00,Friedenslieder singen,10,
60.0,2023-02-01 00:00:00,Du sollst nicht töten!,4,
61.0,2023-02-06 00:00:00,Recht auf Leben und Selbstbestimmung,300,145
62.0,2023-03-03 00:00:00,Globaler Klimastreik,1000,500
63.0,2023-02-08 00:00:00,Gedenken und Kranzniederlegung am Todestag von Frank Böttcher,30,24
64.0,2023-02-06 00:00:00,Protest gegen die Kriegspolitik der Bundesregierung,10,7
65.0,2023-02-06 00:00:00,-,-,6
66.0,2023-02-18 00:00:00,Recht auf Leben in Selbstbestimmung,40,12
67.0,2023-02-09 00:00:00,Gegen Diktator Erdogan,70,55
68.0,2023-02-08 00:00:00,Friedenssingen,8,
69.0,2023-03-01 00:00:00,Gedenken an die ermordeten Sinti und Roma,30,30
70.0,2023-02-13 00:00:00,Recht auf Leben und Selbstbestimmung,300,140
71.0,2023-02-13 00:00:00,Protest gegen die Kriegspolitik der Bundesregierung,10,10
72.0,2023-02-15 00:00:00,Protest gegen die Kriegspolitik der Bundesregierung,10,10
73.0,2023-02-15 00:00:00,Friedenssingen,10,k.A.
74.0,2023-02-16 00:00:00,Gedenkveranstaltung für die Erdbebenopfer in der Türkei und Syrien,250,30
75.0,2023-05-13 00:00:00,Radwegbau Glindenberg Magdeburg,200,125
76.0,2023-02-21 00:00:00,Warnstreik Tarifrunde öffentlicher Dienst,300,450
77.0,2023-02-20 00:00:00,Recht auf Leben und Selbstbestimmung,300,120
78.0,2023-02-20 00:00:00,Protest gegen die Kriegspolitik der Bundesregierung,10,6
79.0,2023-02-25 00:00:00,Protest gegen die Kriegspolitik der Bundesregierung,10,
80.0,2023-02-27 00:00:00,Protest gegen die Kriegspolitik der Bundesregierung,10,10
81.0,2023-02-19 00:00:00,Gedenken an die opfer des rassistischen Ansclages in Hanau,30,42
82.0,2023-02-24 00:00:00,Jahrestag Krieg Russlands gegen unabhängige Ukraine,1000,235
83.0,2023-02-22 00:00:00,Friedenssingen,10,
84.0,2023-02-24 00:00:00,"Gedenken an die Opfer von Krieg, Vertreibung, Zerstörung",20,12
85.0,2023-03-03 00:00:00,Globaler Klimastreik,400,100
86.0,2023-03-08 00:00:00,Feministischer Kampftag,300,310
87.0,2023-02-24 00:00:00,Protest gegen die Kriegspolitik der Bundesregierung,3,3
88.0,2023-02-27 00:00:00,Recht auf Leben und Selbstbestimmung,300,168
89.0,2023-03-04 00:00:00,Recht suf Leben in Selbstbestimmung,40,8
90.0,2023-03-01 00:00:00,Friedenssingen,10,6
91.0,2023-03-06 00:00:00,Recht auf Leben und Selbstbestimmung,300,
92.0,2023-03-03 00:00:00,Who made my clothes/Fashion Revolution/Bewusster Umgang mit Mode,50,20
93.0,2023-03-08 00:00:00,Aktive Mittagspause im Rahmen der Tarifrunde öD,50,55
94.0,2023-03-04 00:00:00,"Die Verfolgung von Falun Gong- Praktizierenden in China durch die Kommunistische Partei China's """,7,
95.0,2023-03-08 00:00:00,8. März / Internationaler Frauentag ,20,50
96.0,2023-03-06 00:00:00,Protest gegen die Kriegspolitik der Bundesregierung,6,10
97.0,2023-03-13 00:00:00,Protest gegen die Kriegspolitik der Bundesregierung,6,14
98.0,2023-03-20 00:00:00,Protest gegen die Kriegspolitik der Bundesregierung,6,6
99.0,2023-03-27 00:00:00,Protest gegen die Kriegspolitik der Bundesregierung,6,12
100.0,2023-04-03 00:00:00,Protest gegen die Kriegspolitik der Bundesregierung,6,4
101.0,2023-03-09 00:00:00,Streik im Rahmen der Tarifverhandlungen,4,4
102.0,2023-04-17 00:00:00,Friedensdemo,1000,250
103.0,2023-03-13 00:00:00,Recht auf Leben und Selbstbestimmung,300,145
104.0,2023-05-01 00:00:00,Internationaler Tag der Arbeit,500,200
105.0,2023-04-29 00:00:00,transparenter politischer Dialog,3000,2650
106.0,2023-03-18 00:00:00,Recht auf Leben in Selbstbestimmung,40,10
107.0,2023-03-10 00:00:00,Streik im Rahmen der Tarifverhandlungen,30,10
108.0,2023-03-13 00:00:00,Streik im Rahmen der Tarifverhandlungen,30,
109.0,2023-03-14 00:00:00,Streik im Rahmen der Tarifverhandlungen,30,
110.0,2023-04-11 00:00:00,Gemeinsam durch die Kiesen der heutigen Zeit,10,3
111.0,2023-03-20 00:00:00,Aktion für eine demokratische Zivilgesellschaft und gegen Rassismus in Magdeburg,20,
112.0,2023-03-15 00:00:00,"Aktionstag der GdS, aktive Mittagspause",30,25
113.0,2023-03-15 00:00:00,Friedenssingen,10,
114.0,2023-03-24 00:00:00,Warnstreik Tarifrunde öffentlicher Dienst,800,700
115.0,2023-03-20 00:00:00,Recht auf Leben und Selbstbestimmung,300,160
116.0,2023-03-27 00:00:00,Tarifrunde 2023,100,200
117.0,2023-03-27 00:00:00,Warnstreik Tarifrunde öffentlicher Dienst,300,200
118.0,2023-03-23 00:00:00,Aktion für eine demokratische Zivilgesellschaft und gegen Rassismus in Magdeburg,20,
119.0,2023-03-22 00:00:00,Gedenken an den Femizid in Bad Lauchtädt,30,50
120.0,2023-03-27 00:00:00,Recht auf Leben und Selbstbestimmung,300,122
121.0,2023-04-01 00:00:00,Recht auf Leben in Selbstbestimmung,40,17
122.0,2023-05-06 00:00:00,Globle Marijuana March,420,59
123.0,2023-04-03 00:00:00,Recht auf Leben und Selbstbestimmung,300,90
124.0,2023-05-01 00:00:00,"Maikundgebung, ungebrochen solidarisch",1000,450
125.0,2023-04-01 00:00:00,Rojava,200,17
126.0,2023-04-29 00:00:00,Autokorso - Frieden ohne Waffen,300,300
127.0,2023-05-20 00:00:00,Future Parade – die Zukunft junger Menschen in den Blick nehmen,500,250
128.0,2023-04-05 00:00:00,Friedenslieder singen,10,
129.0,2023-04-08 00:00:00,Recht auf Leben in Selbstbestimmung,40,7
130.0,2023-04-08 00:00:00,Protest gegen die Kriegspolitik der Bundesregierung,6,5
131.0,2023-04-08 00:00:00,Christliche Werte basierend auf Ostern wiederentdecken,60,14
132.0,2023-04-17 00:00:00,Recht auf Leben und Selbstbestimmung,300,137
133.0,2023-04-15 00:00:00,Die Verfolgung von Falun Gong- Praktizierenden in China durch die Kommunistische Partei China's,7,6
134.0,2023-04-27 00:00:00,rechte Gewalt,100,110
135.0,2023-04-17 00:00:00,Protest gegen die Kriegspolitik der Bundesregierung,6,10
136.0,2023-04-24 00:00:00,Protest gegen die Kriegspolitik der Bundesregierung,6,5
137.0,2023-04-21 00:00:00,Für Menschen mit Handicap,10,8
138.0,2023-04-22 00:00:00,Recht auf Leben in Selbstbestimmung,40,15
139.0,2023-04-24 00:00:00,Recht auf Leben und Selbstbestimmung,300,110
140.0,2023-04-25 00:00:00,"Eltern-Kind-Entfremdung, Kampagne ""Genug Tränen""",10,
141.0,2023-04-29 00:00:00,Solidarität statt Verschwörungsideologie und Desinformation,300,60
142.0,2023-05-17 00:00:00,IDAHOBIT 2023/QUEER Jugendaktionstag,100,100
143.0,2023-08-19 00:00:00,CSD Magdeburg 2023,1000,3000
144.0,2023-05-01 00:00:00,Bebauung der Rotehorninsel/Stadtgrün ist keine Deko,10,8
145.0,2023-05-01 00:00:00,Recht auf Leben und Selbstbestimmung,300,49
146.0,2023-05-01 00:00:00,Protest gegen die Kriegspolitik der Bundesregierung,10,
147.0,2023-05-06 00:00:00,Recht auf Leben in Selbstbestimmung,40,8
148.0,2023-05-08 00:00:00,Recht auf Leben und Selbstbestimmung,300,110
149.0,2023-05-08 00:00:00,"Tag der Befreiung - Nie wieder Krieg, nie wieder Faschismus",50,30
150.0,2023-05-08 00:00:00,Gedenken an die Opfer des zweiten Weltkrieges,50,25
151.0,2023-05-08 00:00:00,"Gedenken zum ""Tag der Befreiung vom Hitler-Faschismus"" durch Sowjetsoldaten",20,
152.0,2023-05-08 00:00:00,"Gedenken zum ""Tag der Befreiung vom Hitler-Faschismus"" durch Sowjetsoldaten",6,
153.0,2023-05-15 00:00:00,Protest gegen die Kriegspolitik der Bundesregierung,6,6
154.0,2023-05-22 00:00:00,Protest gegen die Kriegspolitik der Bundesregierung,6,8
155.0,2023-05-29 00:00:00,Protest gegen die Kriegspolitik der Bundesregierung,6,6
156.0,2023-05-09 00:00:00,Gedenken an Torsten Lamprecht,20,0
157.0,2023-06-30 00:00:00,Musik gegen Mobbing,20,
158.0,2023-05-10 00:00:00,Friedenslieder singen,10,2
159.0,2023-05-10 00:00:00,Demonstration für Klima- und Bildungsgerechtigkeit,150,30
160.0,2023-05-15 00:00:00,"75 Jahre Nakba. 75 Jahre Vertreibung, Besetzung und Apartheid",50,28
161.0,2023-05-15 00:00:00,Recht auf Leben und Selbstbestimmung,300,83
162.0,2023-05-22 00:00:00,Recht auf Leben und Selbstbestimmung,300,75
163.0,2023-05-13 00:00:00,gegen die Kriegspolitik der Bundesregierung,4,4
164.0,2023-07-29 00:00:00,Gegenhalten - Solidarität statt Ausgrenzung,1500,1700
165.0,2023-07-29 00:00:00,AfD Wegbassen,300,100
166.0,2023-05-20 00:00:00,Recht auf Leben in Selbstbestimmung,40,20
167.0,2023-05-22 00:00:00,Menschenrechte im Iran,7,3
168.0,2023-06-14 00:00:00,Gedenkveranstaltung der Frauen des ehemaligen Frauen-KZ,30,20
169.0,2023-06-28 00:00:00,Zähne zeigen! Protest der Landeszahnärztinnen und -zahnärzte gegen die Untätigkeit der Landesregierung und das Ausbluten des Gesundheitssystems,200,400
170.0,2023-06-03 00:00:00,Muht zur Veränderung,5,
171.0,2023-06-01 00:00:00,Sicherung des Nordharzer Städtebundtheaters,70,70
172.0,2023-07-28 00:00:00,Begrüßung der AfD,150,
173.0,2023-07-29 00:00:00,Zubringer Demo gegen den AfD Parteitag,500,1700
174.0,2023-06-05 00:00:00,Protest gegen die Kriegspolitik der Bundesregierung,6,6
175.0,2023-06-12 00:00:00,Protest gegen die Kriegspolitik der Bundesregierung,6,5
176.0,2023-06-17 00:00:00,Protest gegen die Kriegspolitik der Bundesregierung,6,15
177.0,2023-06-05 00:00:00,Recht auf Leben und Selbstbestimmung,300,90
178.0,2023-06-12 00:00:00,Recht auf Leben und Selbstbestimmung,300,66
179.0,2023-06-07 00:00:00,Friedenssingen,10,
180.0,2023-06-14 00:00:00,"Global denken, Lokal handlen",10,
181.0,2023-06-09 00:00:00,Streikkundgebung Einzel- und Versandhandel,200,220
182.0,2023-06-07 00:00:00,Verbrechen von Russland,100,350
183.0,2023-06-19 00:00:00,Corona-Pressespiegel.de ,10,4
184.0,2023-06-09 00:00:00,Schulsozialarbeit bewegt - Eine Aktion der Schulsozialarbeit am Mädchentag,102,102
185.0,2023-06-12 00:00:00,Freiheit für alle Antifas,10,
186.0,2023-06-16 00:00:00,Gesundheit ist keine Ware,10,
187.0,2023-06-12 00:00:00,Gedenken an die Opfer des Orlando-Attentas,10,10
188.0,2023-09-16 00:00:00,transparenter politischer Dialog,3000,2150
189.0,2023-06-19 00:00:00,Recht auf Leben und Selbstbestimmung,300,87
190.0,2023-06-26 00:00:00,Recht auf Leben und Selbstbestimmung,300,99
191.0,2023-07-01 00:00:00,Europaveranstaltung,300,200
192.0,2023-06-21 00:00:00,Kundgebung für die Schaffung von Freiräumen für Jugendliche und Subkulturen,100,80
193.0,2023-06-21 00:00:00,"Teilnahme am bundesweiten Protest gegen die Kriegspolitik der Bundesregierung und  das Nato-Manöver ""AirDefender 23""",4,2
194.0,2023-07-01 00:00:00,Gegenprotest zur AfD-Veranstaltung (“Friede und Souveränität für Europa”) durch das Bündnis Solidarisches Magdeburg    ,70,60
195.0,2023-08-19 00:00:00,Heimat und Weltfrieden,500,700
196.0,2023-07-22 00:00:00,Cube of Truth: Tierrechtsaktivismus,15,
197.0,2023-07-03 00:00:00,Recht auf Leben und Selbstbestimmung,300,70
198.0,2023-07-10 00:00:00,Recht auf Leben und Selbstbestimmung,300,75
199.0,2023-07-01 00:00:00,"AfD = ""Mogelpackung"" ",15,8
200.0,2023-08-04 00:00:00,"CSD Eröffnung, Flaggenhissen vorm Rathaus, kein Rückschritt queere Sichtbarkeit sollte keine Eintagsfliege sein",100,100
201.0,2023-07-23 00:00:00,Tierrechte,50,18
202.0,2023-07-17 00:00:00,Streikkundgebung Einzel- und Versandhandel,150,
203.0,2023-07-17 00:00:00,Recht auf Leben und Selbstbestimmung,300,70
204.0,2023-08-12 00:00:00,Verdrängung von Jugendlichen in urbanen Räumen,400,80
205.0,2023-09-01 00:00:00,Die Welt braucht Frieden,50,25
206.0,2023-09-17 00:00:00,Bessere Bedingungen für den Radverkehr in Magdeburg,500,500
207.0,2023-08-19 00:00:00,Infomeile und Kundgebung für LSBTIQ+-Rechte,100,30
208.0,2023-08-05 00:00:00,"Frauenpolitik der AFD, Aufruf zur Internationalen Bergarbeiterkonverenz",15,9
209.0,2023-08-06 00:00:00,"359. Friedensweg, Protest gegen die militärische Nutzung der Colbitz-Letzlinger Heide, Hiroshima-Nagasaki-Gedenken",50,18
210.0,2023-07-29 00:00:00,Solidarisch gegen Faschismus - Kundgebung gegen die Nazis in der Innenstadt,100,20
211.0,2023-07-29 00:00:00,Faschistischen Parteien keinen Raum geben,,12
212.0,2023-08-05 00:00:00,Cube of Truth - Aufklärung über Tierrechte,10,
213.0,2023-08-19 00:00:00,Cube of Truth - Aufklärung über Tierrechte,10,10
214.0,2023-09-02 00:00:00,Cube of Truth - Aufklärung über Tierrechte,10,
215.0,2023-09-16 00:00:00,Cube of Truth - Aufklärung über Tierrechte,10,15
216.0,2023-08-04 00:00:00,Gegen Krieg,3,
217.0,2023-09-15 00:00:00,Klimagerechtigkeit,750,450
218.0,2023-08-09 00:00:00,Friedenslieder singen,10,
219.0,2023-08-19 00:00:00,Reichsburger statt Reichsbürger,50,50
220.0,2023-08-25 00:00:00,Gesundheit ist keine Ware,10,
221.0,2023-08-14 00:00:00,Recht auf Leben und Selbstbestimmung,300,59
222.0,2023-08-21 00:00:00,Recht auf Leben und Selbstbestimmung,300,62
223.0,2023-08-16 00:00:00,Gedenken an Rick Langenstein,15,
224.0,2023-08-16 00:00:00,"Warnstreik, Kundgebung und Demonstration",150,150
225.0,2023-08-17 00:00:00,"Warnstreik, Kundgebung und Demonstration",150,150
226.0,2023-08-19 00:00:00,Hass bringt dir nichts / zusammen stehen nicht spalten lassen,500,200
227.0,2023-09-14 00:00:00,"   Tod von Ella Nik Bayan, Trans-Rechte sind Menschenrechte  ",150,40
228.0,2023-08-24 00:00:00,"Kritik an der Kriegs- und Umweltpolitik der Bundesregierung, Notwendigkeit einer neuen Friedens- und Umweltbewegung im Zusammenschluss mit der Arbeiterbewegung, Lokales Thema: Stadtpark statt Greenwashing - Wohnpark! Stadtgrün ist mehr als Deko! Hitze und Hochwasserschutz beginnt auch HIER!",15,50
229.0,2023-09-09 00:00:00,Stadtpark statt Greenwashing - Wohnpark,20,24
230.0,2023-10-07 00:00:00,Freiheit-Religion,10,
231.0,2023-08-23 00:00:00,Wo sind die Wurzeln unserer christlichen Grundwerte?,30,
232.0,2023-08-24 00:00:00,Demo zum Tag der Unabhängigkeit der Ukraine,1000,500
233.0,2023-08-28 00:00:00,Recht auf Leben und Selbstbestimmung,300,65
234.0,2023-09-04 00:00:00,Recht auf Leben und Selbstbestimmung,300,67
235.0,2023-09-11 00:00:00,Recht auf Leben und Selbstbestimmung,300,60
236.0,2023-09-06 00:00:00,AVEU-Tarifrunde - 12 auf 12!,100,100
237.0,2023-08-28 00:00:00,Protest gegen die Kriegspolitik der Bundesregierung,6,16
238.0,2023-09-08 00:00:00,“Mit-Sprache für alle“: Informations- und Aktionsstand zum Thema Demokratie und Grundbildung anlässlich des Weltalphatages,150,3
239.0,2023-09-16 00:00:00,Deutschland steht auf - Wir bleiben sitzen!,400,140
240.0,2023-09-01 00:00:00,Protest gegen die Kriegspolitik der Bundesregierung,6,6
241.0,2023-09-04 00:00:00,Protest gegen die Kriegspolitik der Bundesregierung,6,3
242.0,2023-09-09 00:00:00,Solidaritätskundgebung für den syrischen Aufstand gegen das Assad-Regime,50,45
243.0,2023-09-23 00:00:00,Autokorso - WHO Vertrag stoppen!,300,74
244.0,2023-09-01 00:00:00,Solikampagne am Antikriegstag,,21
245.0,2023-09-20 00:00:00,Kinder für Kinderrechte,200,200
246.0,2023-09-30 00:00:00,Schluss mit Mogel-Milch,5,
247.0,2023-10-11 00:00:00,Gegen neue Gasförderprojekte und für den Schutz der Meere,5,5
248.0,2023-09-11 00:00:00,Protest gegen die Kriegspolitik der Bundesregierung,6,3
249.0,2023-09-18 00:00:00,Protest gegen die Kriegspolitik der Bundesregierung,6,0
250.0,2023-09-25 00:00:00,Protest gegen die Kriegspolitik der Bundesregierung,6,9
251.0,2023-09-15 00:00:00,Internationaler Parking Day,20,
252.0,2023-09-15 00:00:00,"Parking Day, Beispielhafte Umgestaltung von öff. Parkraum",100,
253.0,2023-09-15 00:00:00,Verdi Tarifverhandlungen Einzelhandel,110,90
254.0,2023-09-27 00:00:00,Erinnerung und Gedenken an Farid Boukhit,50,21
255.0,2023-09-18 00:00:00,Recht auf Leben und Selbstbestimmung,300,70
256.0,2023-09-25 00:00:00,Recht auf Leben und Selbstbestimmung,300,72
257.0,2023-10-02 00:00:00,Recht auf Leben und Selbstbestimmung,300,58
258.0,2023-09-16 00:00:00,Gegenhalten - Stoppt die AfD,,10
259.0,2023-09-16 00:00:00,Gegenveranstaltung V1,,6
260.0,2023-10-05 00:00:00,"Trauergang für Betroffene von ME/CFS, Long Covid und PostVac",100,35
261.0,2023-09-26 00:00:00,Streik im Großhandel und im Einzelhandel,200,
262.0,2023-09-25 00:00:00,Streik im Einzelhandel,150,
263.0,2023-09-30 00:00:00,Freiheit für Papa,80,3
264.0,2023-10-14 00:00:00,Moderne Sklaverei bekämpfen,4,
265.0,2023-09-28 00:00:00,Tarifverhandlungen Einzelhandel,150,100
266.0,2023-10-02 00:00:00,Protest gegen die Kriegspolitik der Bundesregierung,6,4
267.0,2023-10-03 00:00:00,Protest gegen die Kriegspolitik der Bundesregierung,6,8
268.0,2023-10-09 00:00:00,Protest gegen die Kriegspolitik der Bundesregierung,6,12
269.0,2023-10-16 00:00:00,Protest gegen die Kriegspolitik der Bundesregierung,6,8
270.0,2023-10-23 00:00:00,Protest gegen die Kriegspolitik der Bundesregierung,6,15
271.0,2023-10-30 00:00:00,Protest gegen die Kriegspolitik der Bundesregierung,6,7
272.0,2023-10-03 00:00:00,Kunstprojekt für unsere Demokratie,15,14
273.0,2023-10-04 00:00:00,Kinderrechte (Bildung),10,
274.0,2023-10-14 00:00:00,"Subkultur stärken, Freiräume schaffen!",200,230
275.0,2023-10-13 00:00:00,#PrioritätJugendJetzt - Keine Jugend(bildungs)arbeit auf Sparflamme!,100,50
276.0,2023-10-09 00:00:00,Recht auf Leben und Selbstbestimmung,300,70
277.0,2023-10-12 00:00:00,Forderung nacheinem Sozialfons für die Stadt Magdeburg,50,25
278.0,2023-10-11 00:00:00,Solidarität mit den Menschen in Israel,200,140
279.0,2023-10-13 00:00:00,Frieden für Kurdistan,100,
280.0,2023-10-16 00:00:00,Recht auf Leben und Selbstbestimmung,200,70
281.0,2023-10-23 00:00:00,Recht auf Leben und Selbstbestimmung,200,85
282.0,2023-10-13 00:00:00,Frieden für Palästina,100,
283.0,2023-10-17 00:00:00,"Tag der Armut, Kundgebung und Spendensammlung",15,
284.0,2023-10-18 00:00:00,Menschenrechte für Palästiner,300,
285.0,2023-10-05 00:00:00,Kundgebung im Rahmen der Tarifrunde im öffentlichen Dienst der Länder,1000,
286.0,2023-10-21 00:00:00,"""Cube of Truth"" - Aufklärung über Tierrechte",10,11
287.0,2023-11-04 00:00:00,"""Cube of Truth"" - Aufklärung über Tierrechte",10,
288.0,2023-11-18 00:00:00,"""Cube of Truth"" - Aufklärung über Tierrechte",10,
289.0,2023-10-20 00:00:00,Frieden in Kurdistan,150,35
290.0,2023-10-23 00:00:00,Montagsdemo,20,15
291.0,2023-10-25 00:00:00,Friedenslieder singen,10,3
292.0,2023-11-03 00:00:00,Spendenaktion und die Durchführung einer Kerzenlicht Maahnwache in der Stadt Magdeburg,50,53
293.0,2023-10-27 00:00:00,Für eine humanitäre Waffenruhe!,200,
294.0,2023-10-30 00:00:00,Recht auf Leben und Selbstbestimmung,150,61
295.0,2023-11-06 00:00:00,Recht auf Leben und Selbstbestimmung,150,74
296.0,2023-11-13 00:00:00,Recht auf Leben und Selbstbestimmung,150,30
297.0,2023-10-27 00:00:00,Grundrechte schützen – Menschenrechte wahren!“,30,
298.0,2023-10-27 00:00:00,Gegen Die Einschränkung der VErsammlungsfreiheit aus Rassistishcen Motiven ,30,36
299.0,2023-11-01 00:00:00,Friedenslieder singen,10,
300.0,2023-11-10 00:00:00,Forderung nach einer humanitären Waffenruhe für Gaza – stoppt den Krieg in Nahost! ,1000,300
301.0,2023-11-06 00:00:00,Protest gegen die Kriegspolitik der Bundesregierung,6,12
302.0,2023-11-13 00:00:00,Protest gegen die Kriegspolitik der Bundesregierung,6,8
303.0,2023-11-20 00:00:00,Protest gegen die Kriegspolitik der Bundesregierung,6,6
304.0,2023-11-27 00:00:00,Protest gegen die Kriegspolitik der Bundesregierung,6,4
305.0,2023-11-08 00:00:00,Friedenssingen,10,
306.0,2023-11-09 00:00:00,Pogromgedenken,40,130
307.0,2023-11-01 00:00:00,Stoppt den Genozid in Palästina,6,
308.0,2023-11-23 00:00:00,Einkommensrunde für die Beschäftigten des öffentlichen Dienstes der Länder (TV-L),300,280
309.0,2023-11-14 00:00:00,"aktive Mittaagspause, Einkommensrunde TV-L",60,50
310.0,2023-11-15 00:00:00,Warnstreik,150,100
311.0,2023-11-16 00:00:00,"„Mittagsdemo, da systemrelevant"" TVL - Tarifrunde der Länder 2023 im öffentlichen Dienst",100,
312.0,2023-11-18 00:00:00,Forderung nach einer humanitären Waffenruhe für Gaza – stoppt den Krieg in Nahost! ,1000,300
313.0,2023-11-24 00:00:00,Forderung nach einer humanitären Waffenruhe für Gaza – stoppt den Krieg in Nahost! ,1000,70
314.0,2023-11-23 00:00:00,Kein Comeback für Frauenschläger / Internationaler Tag gegen Gewalt an Frauen und Mädchen,50,54
315.0,2023-12-14 00:00:00,Menschenrechte und Demokratie,120,110
316.0,2023-12-01 00:00:00,Welt-AIDS-Tag,30,10
317.0,2023-11-25 00:00:00,EKR 2023 - TV-L,45,
318.0,2023-11-16 00:00:00,Warnstreik,60,
319.0,2023-11-20 00:00:00,Recht auf Leben und Selbstbestimmung,150,43
320.0,2023-11-21 00:00:00,Medizinische Grundversorgung,9,
321.0,2023-11-22 00:00:00,Friedenssingen,10,
322.0,2023-11-23 00:00:00,Nieder mit den Waffen - gegen Krieg und Militarismus,20,13
323.0,2023-12-03 00:00:00,Tierrechte/Tierethik,10,9
324.0,2023-12-17 00:00:00,Tierrechte/Tierethik,10,
325.0,2023-11-24 00:00:00,Schulsozialarbeit verstetigen – Postkarten Aktion – Übergabe an Politiker:innen,20,10
326.0,2023-11-25 00:00:00,"Auftaktveranstaltung der Aktion ""Gewalt kommt nicht in die Tüte"" anlässlich des internationalen Tages der Gewalt an Frauen",50,50
327.0,2023-11-27 00:00:00,Recht auf Leben und Selbstbestimmung,150,37
328.0,2023-12-04 00:00:00,Recht auf Leben und Selbstbestimmung,150,69
329.0,2023-11-27 00:00:00,Energiepreisstopp,10,7
330.0,2023-12-01 00:00:00,Bargeld erhalten,150,35
331.0,2023-12-09 00:00:00,Die Globale Umweltkatastrophe hat begonnen!,20,
332.0,2023-12-08 00:00:00,Forderung nach einer humanitären Waffenruhe für Gaza – stoppt den Krieg in Nahost! ,600,83
333.0,2023-12-02 00:00:00,"""Cube of Truth"" - Aufklärung über Tierrechte",10,7
334.0,2023-12-16 00:00:00,"""Cube of Truth"" - Aufklärung über Tierrechte",10,9
335.0,2023-12-06 00:00:00,Warnstreik,250,
336.0,2023-12-04 00:00:00,gegen Kriegspolitik und Militariserung unserer Gesellschaft,8,3
337.0,2023-12-11 00:00:00,Recht auf Leben und Selbstbestimmung,150,41
338.0,2023-12-18 00:00:00,Recht auf Leben und Selbstbestimmung,150,
339.0,2023-12-14 00:00:00,Landwirtschafter Bezug,50,80
